month,concept,bls_series,unit_price,norm_unit,priced_by
2006-01,flour_ap,APU0300701111,0.304,lb,published
2006-02,flour_ap,APU0300701111,0.309,lb,published
2006-03,flour_ap,APU0300701111,0.311,lb,published
2006-04,flour_ap,APU0300701111,0.313,lb,published
2006-05,flour_ap,APU0300701111,0.329,lb,published
2006-06,flour_ap,APU0300701111,0.34,lb,published
2006-07,flour_ap,APU0300701111,0.336,lb,published
2006-08,flour_ap,APU0300701111,0.341,lb,published
2006-09,flour_ap,APU0300701111,0.354,lb,published
2006-10,flour_ap,APU0300701111,0.339,lb,published
2006-11,flour_ap,APU0300701111,0.325,lb,published
2006-12,flour_ap,APU0300701111,0.319,lb,published
2007-01,flour_ap,APU0300701111,0.328,lb,published
2007-02,flour_ap,APU0300701111,0.341,lb,published
2007-03,flour_ap,APU0300701111,0.351,lb,published
2007-04,flour_ap,APU0300701111,0.352,lb,published
2007-05,flour_ap,APU0300701111,0.363,lb,published
2007-06,flour_ap,APU0300701111,0.367,lb,published
2007-07,flour_ap,APU0300701111,0.369,lb,published
2007-08,flour_ap,APU0300701111,0.376,lb,published
2007-09,flour_ap,APU0300701111,0.376,lb,published
2007-10,flour_ap,APU0300701111,0.374,lb,published
2007-11,flour_ap,APU0300701111,0.399,lb,published
2007-12,flour_ap,APU0300701111,0.391,lb,published
2008-01,flour_ap,APU0300701111,0.416,lb,published
2008-02,flour_ap,APU0300701111,0.455,lb,published
2008-03,flour_ap,APU0300701111,0.507,lb,published
2008-04,flour_ap,APU0300701111,0.525,lb,published
2008-05,flour_ap,APU0300701111,0.548,lb,published
2008-06,flour_ap,APU0300701111,0.538,lb,published
2008-07,flour_ap,APU0300701111,0.537,lb,published
2008-08,flour_ap,APU0300701111,0.54,lb,published
2008-09,flour_ap,APU0300701111,0.526,lb,published
2008-10,flour_ap,APU0300701111,0.513,lb,published
2008-11,flour_ap,APU0300701111,0.486,lb,published
2008-12,flour_ap,APU0300701111,0.497,lb,published
2009-01,flour_ap,APU0300701111,0.519,lb,published
2009-02,flour_ap,APU0300701111,0.504,lb,published
2009-03,flour_ap,APU0300701111,0.499,lb,published
2009-04,flour_ap,APU0300701111,0.472,lb,published
2009-05,flour_ap,APU0300701111,0.462,lb,published
2009-06,flour_ap,APU0300701111,0.459,lb,published
2009-07,flour_ap,APU0300701111,0.464,lb,published
2009-08,flour_ap,APU0300701111,0.458,lb,published
2009-09,flour_ap,APU0300701111,0.455,lb,published
2009-10,flour_ap,APU0300701111,0.458,lb,published
2009-11,flour_ap,APU0300701111,0.42,lb,published
2009-12,flour_ap,APU0300701111,0.438,lb,published
2010-01,flour_ap,APU0300701111,0.445,lb,published
2010-02,flour_ap,APU0300701111,0.463,lb,published
2010-03,flour_ap,APU0300701111,0.451,lb,published
2010-04,flour_ap,APU0300701111,0.445,lb,published
2010-05,flour_ap,APU0300701111,0.431,lb,published
2010-06,flour_ap,APU0300701111,0.427,lb,published
2010-07,flour_ap,APU0300701111,0.427,lb,published
2010-08,flour_ap,APU0300701111,0.435,lb,published
2010-09,flour_ap,APU0300701111,0.428,lb,published
2010-10,flour_ap,APU0300701111,0.42,lb,published
2010-11,flour_ap,APU0300701111,0.42,lb,published
2010-12,flour_ap,APU0300701111,0.42,lb,published
2011-01,flour_ap,APU0300701111,0.44,lb,published
2011-02,flour_ap,APU0300701111,0.454,lb,published
2011-03,flour_ap,APU0300701111,0.49,lb,published
2011-04,flour_ap,APU0300701111,0.493,lb,published
2011-05,flour_ap,APU0300701111,0.5,lb,published
2011-06,flour_ap,APU0300701111,0.493,lb,published
2011-07,flour_ap,APU0300701111,0.491,lb,published
2011-08,flour_ap,APU0300701111,0.493,lb,published
2011-09,flour_ap,APU0300701111,0.509,lb,published
2011-10,flour_ap,APU0300701111,0.514,lb,published
2011-11,flour_ap,APU0300701111,0.498,lb,published
2011-12,flour_ap,APU0300701111,0.489,lb,published
2012-01,flour_ap,APU0300701111,0.505,lb,published
2012-02,flour_ap,APU0300701111,0.499,lb,published
2012-03,flour_ap,APU0300701111,0.494,lb,published
2012-04,flour_ap,APU0300701111,0.489,lb,published
2012-05,flour_ap,APU0300701111,0.494,lb,published
2012-06,flour_ap,APU0300701111,0.485,lb,published
2012-07,flour_ap,APU0300701111,0.472,lb,published
2012-08,flour_ap,APU0300701111,0.485,lb,published
2012-09,flour_ap,APU0300701111,0.481,lb,published
2012-10,flour_ap,APU0300701111,0.477,lb,published
2012-11,flour_ap,APU0300701111,0.466,lb,published
2012-12,flour_ap,APU0300701111,0.474,lb,published
2013-01,flour_ap,APU0300701111,0.476,lb,published
2013-02,flour_ap,APU0300701111,0.476,lb,published
2013-03,flour_ap,APU0300701111,0.472,lb,published
2013-04,flour_ap,APU0300701111,0.487,lb,published
2013-05,flour_ap,APU0300701111,0.517,lb,published
2013-06,flour_ap,APU0300701111,0.521,lb,published
2013-07,flour_ap,APU0300701111,0.516,lb,published
2013-08,flour_ap,APU0300701111,0.52,lb,published
2013-09,flour_ap,APU0300701111,0.519,lb,published
2013-10,flour_ap,APU0300701111,0.525,lb,published
2013-11,flour_ap,APU0300701111,0.492,lb,published
2013-12,flour_ap,APU0300701111,0.49,lb,published
2014-01,flour_ap,APU0300701111,0.526,lb,published
2014-02,flour_ap,APU0300701111,0.535,lb,published
2014-03,flour_ap,APU0300701111,0.527,lb,published
2014-04,flour_ap,APU0300701111,0.522,lb,published
2014-05,flour_ap,APU0300701111,0.535,lb,published
2014-06,flour_ap,APU0300701111,0.539,lb,published
2014-07,flour_ap,APU0300701111,0.531,lb,published
2014-08,flour_ap,APU0300701111,0.532,lb,published
2014-09,flour_ap,APU0300701111,0.529,lb,published
2014-10,flour_ap,APU0300701111,0.499,lb,published
2014-11,flour_ap,APU0300701111,0.505,lb,published
2014-12,flour_ap,APU0300701111,0.5,lb,published
2015-01,flour_ap,APU0300701111,0.518,lb,published
2015-02,flour_ap,APU0300701111,0.533,lb,published
2015-03,flour_ap,APU0300701111,0.53,lb,published
2015-04,flour_ap,APU0300701111,0.529,lb,published
2015-05,flour_ap,APU0300701111,0.54,lb,published
2015-06,flour_ap,APU0300701111,0.544,lb,published
2015-07,flour_ap,APU0300701111,0.529,lb,published
2015-08,flour_ap,APU0300701111,0.543,lb,published
2015-09,flour_ap,APU0300701111,0.535,lb,published
2015-10,flour_ap,APU0300701111,0.522,lb,published
2015-11,flour_ap,APU0300701111,0.532,lb,published
2015-12,flour_ap,APU0300701111,0.524,lb,published
2016-01,flour_ap,APU0300701111,0.535,lb,published
2016-02,flour_ap,APU0300701111,0.533,lb,published
2016-03,flour_ap,APU0300701111,0.54,lb,published
2016-04,flour_ap,APU0300701111,0.53,lb,published
2016-05,flour_ap,APU0300701111,0.502,lb,published
2016-06,flour_ap,APU0300701111,0.503,lb,published
2016-07,flour_ap,APU0300701111,0.509,lb,published
2016-08,flour_ap,APU0300701111,0.515,lb,published
2016-09,flour_ap,APU0300701111,0.518,lb,published
2016-10,flour_ap,APU0300701111,0.492,lb,published
2016-11,flour_ap,APU0300701111,0.479,lb,published
2016-12,flour_ap,APU0300701111,0.476,lb,published
2017-01,flour_ap,APU0300701111,0.499,lb,published
2017-02,flour_ap,APU0300701111,0.494,lb,published
2017-03,flour_ap,APU0300701111,0.505,lb,published
2017-04,flour_ap,APU0300701111,0.487,lb,published
2017-05,flour_ap,APU0300701111,0.505,lb,published
2017-06,flour_ap,APU0300701111,0.499,lb,published
2017-07,flour_ap,APU0300701111,0.501,lb,published
2017-08,flour_ap,APU0300701111,0.504,lb,published
2017-09,flour_ap,APU0300701111,0.509,lb,published
2017-10,flour_ap,APU0300701111,0.496,lb,published
2017-11,flour_ap,APU0300701111,0.497,lb,published
2017-12,flour_ap,APU0300701111,0.494,lb,published
2018-01,flour_ap,APU0300701111,0.46,lb,published
2018-02,flour_ap,APU0300701111,0.459,lb,published
2018-03,flour_ap,APU0300701111,0.46,lb,published
2018-04,flour_ap,APU0300701111,0.459,lb,published
2018-05,flour_ap,APU0300701111,0.465,lb,published
2018-06,flour_ap,APU0300701111,0.45,lb,published
2018-07,flour_ap,APU0300701111,0.456,lb,published
2018-08,flour_ap,APU0300701111,0.455,lb,published
2018-09,flour_ap,APU0300701111,0.469,lb,published
2018-10,flour_ap,APU0300701111,0.461,lb,published
2018-11,flour_ap,APU0300701111,0.441,lb,published
2018-12,flour_ap,APU0300701111,0.445,lb,published
2019-01,flour_ap,APU0300701111,0.454,lb,published
2019-02,flour_ap,APU0300701111,0.455,lb,published
2019-03,flour_ap,APU0300701111,0.457,lb,published
2019-04,flour_ap,APU0300701111,0.458,lb,published
2019-05,flour_ap,APU0300701111,0.47,lb,published
2019-06,flour_ap,APU0300701111,0.482,lb,published
2019-07,flour_ap,APU0300701111,0.484,lb,published
2019-08,flour_ap,APU0300701111,0.483,lb,published
2019-09,flour_ap,APU0300701111,0.479,lb,published
2019-10,flour_ap,APU0300701111,0.476,lb,published
2019-11,flour_ap,APU0300701111,0.469,lb,published
2019-12,flour_ap,APU0300701111,0.485,lb,published
2020-01,flour_ap,APU0300701111,0.489,lb,published
2020-02,flour_ap,APU0300701111,0.488,lb,published
2020-03,flour_ap,APU0300701111,0.486,lb,published
2020-04,flour_ap,APU0300701111,0.496,lb,published
2020-05,flour_ap,APU0300701111,0.482,lb,published
2020-06,flour_ap,APU0300701111,0.497,lb,published
2020-07,flour_ap,APU0300701111,0.5,lb,published
2020-08,flour_ap,APU0300701111,0.498,lb,published
2020-09,flour_ap,APU0300701111,0.488,lb,published
2020-10,flour_ap,APU0300701111,0.494,lb,published
2020-11,flour_ap,APU0300701111,0.48635,lb,imputed_us
2020-12,flour_ap,APU0300701111,0.49181,lb,imputed_us
2021-01,flour_ap,APU0300701111,0.48744,lb,imputed_us
2021-02,flour_ap,APU0300701111,0.48088,lb,imputed_us
2021-03,flour_ap,APU0300701111,0.47651,lb,imputed_us
2021-04,flour_ap,APU0300701111,0.47761,lb,imputed_us
2021-05,flour_ap,APU0300701111,0.47979,lb,imputed_us
2021-06,flour_ap,APU0300701111,0.301,lb,published
2021-07,flour_ap,APU0300701111,0.309,lb,published
2021-08,flour_ap,APU0300701111,0.311,lb,published
2021-09,flour_ap,APU0300701111,0.315,lb,published
2021-10,flour_ap,APU0300701111,0.334,lb,published
2021-11,flour_ap,APU0300701111,0.32557,lb,imputed_us
2021-12,flour_ap,APU0300701111,0.32725,lb,imputed_us
2022-01,flour_ap,APU0300701111,0.35762,lb,imputed_us
2022-02,flour_ap,APU0300701111,0.36099,lb,imputed_us
2022-03,flour_ap,APU0300701111,0.37786,lb,imputed_us
2022-04,flour_ap,APU0300701111,0.389,lb,published
2022-05,flour_ap,APU0300701111,0.38,lb,published
2022-06,flour_ap,APU0300701111,0.441,lb,published
2022-07,flour_ap,APU0300701111,0.477,lb,published
2022-08,flour_ap,APU0300701111,0.481,lb,published
2022-09,flour_ap,APU0300701111,0.487,lb,published
2022-10,flour_ap,APU0300701111,0.461,lb,published
2022-11,flour_ap,APU0300701111,0.453,lb,published
2022-12,flour_ap,APU0300701111,0.45,lb,published
2023-01,flour_ap,APU0300701111,0.459,lb,published
2023-02,flour_ap,APU0300701111,0.475,lb,published
2023-03,flour_ap,APU0300701111,0.473,lb,published
2023-04,flour_ap,APU0300701111,0.467,lb,published
2023-05,flour_ap,APU0300701111,0.471,lb,published
2023-06,flour_ap,APU0300701111,0.469,lb,published
2023-07,flour_ap,APU0300701111,0.493,lb,published
2023-08,flour_ap,APU0300701111,0.486,lb,published
2023-09,flour_ap,APU0300701111,0.486,lb,published
2023-10,flour_ap,APU0300701111,0.488,lb,published
2023-11,flour_ap,APU0300701111,0.484,lb,published
2023-12,flour_ap,APU0300701111,0.481,lb,published
2024-01,flour_ap,APU0300701111,0.489,lb,published
2024-02,flour_ap,APU0300701111,0.49,lb,published
2024-03,flour_ap,APU0300701111,0.511,lb,published
2024-04,flour_ap,APU0300701111,0.516,lb,published
2024-05,flour_ap,APU0300701111,0.52,lb,published
2024-06,flour_ap,APU0300701111,0.525,lb,published
2024-07,flour_ap,APU0300701111,0.521,lb,published
2024-08,flour_ap,APU0300701111,0.522,lb,published
2024-09,flour_ap,APU0300701111,0.524,lb,published
2024-10,flour_ap,APU0300701111,0.526,lb,published
2024-11,flour_ap,APU0300701111,0.514,lb,published
2024-12,flour_ap,APU0300701111,0.516,lb,published
2025-01,flour_ap,APU0300701111,0.52,lb,published
2025-02,flour_ap,APU0300701111,0.521,lb,published
2025-03,flour_ap,APU0300701111,0.522,lb,published
2025-04,flour_ap,APU0300701111,0.514,lb,published
2025-05,flour_ap,APU0300701111,0.523,lb,published
2025-06,flour_ap,APU0300701111,0.529,lb,published
2025-07,flour_ap,APU0300701111,0.511,lb,published
2025-08,flour_ap,APU0300701111,0.509,lb,published
2025-09,flour_ap,APU0300701111,0.518,lb,published
2025-10,flour_ap,APU0300701111,0.518,lb,carried
2025-11,flour_ap,APU0300701111,0.516,lb,published
2025-12,flour_ap,APU0300701111,0.516,lb,published
2026-01,flour_ap,APU0300701111,0.519,lb,published
2026-02,flour_ap,APU0300701111,0.5,lb,published
2026-03,flour_ap,APU0300701111,0.498,lb,published
2026-04,flour_ap,APU0300701111,0.497,lb,published
2026-05,flour_ap,APU0300701111,0.493,lb,published
2026-06,flour_ap,APU0300701111,0.489,lb,published
2026-07,flour_ap,APU0300701111,0.489,lb,published
2026-08,flour_ap,APU0300701111,0.49,lb,published
2006-01,rice_white,APU0300701312,0.538,lb,published
2006-02,rice_white,APU0300701312,0.53,lb,published
2006-03,rice_white,APU0300701312,0.525,lb,published
2006-04,rice_white,APU0300701312,0.521,lb,published
2006-05,rice_white,APU0300701312,0.558,lb,published
2006-06,rice_white,APU0300701312,0.566,lb,published
2006-07,rice_white,APU0300701312,0.563,lb,published
2006-08,rice_white,APU0300701312,0.585,lb,published
2006-09,rice_white,APU0300701312,0.558,lb,published
2006-10,rice_white,APU0300701312,0.592,lb,published
2006-11,rice_white,APU0300701312,0.6,lb,published
2006-12,rice_white,APU0300701312,0.595,lb,published
2007-01,rice_white,APU0300701312,0.602,lb,published
2007-02,rice_white,APU0300701312,0.607,lb,published
2007-03,rice_white,APU0300701312,0.602,lb,published
2007-04,rice_white,APU0300701312,0.602,lb,published
2007-05,rice_white,APU0300701312,0.58901,lb,imputed_us
2007-06,rice_white,APU0300701312,0.57277,lb,imputed_us
2007-07,rice_white,APU0300701312,0.59226,lb,imputed_us
2007-08,rice_white,APU0300701312,0.59659,lb,imputed_us
2007-09,rice_white,APU0300701312,0.59117,lb,imputed_us
2007-10,rice_white,APU0300701312,0.60092,lb,imputed_us
2007-11,rice_white,APU0300701312,0.603,lb,published
2007-12,rice_white,APU0300701312,0.61,lb,published
2008-01,rice_white,APU0300701312,0.617,lb,published
2008-02,rice_white,APU0300701312,0.631,lb,published
2008-03,rice_white,APU0300701312,0.632,lb,published
2008-04,rice_white,APU0300701312,0.669,lb,published
2008-05,rice_white,APU0300701312,0.77463,lb,imputed_us
2008-06,rice_white,APU0300701312,0.769,lb,published
2008-07,rice_white,APU0300701312,0.826,lb,published
2008-08,rice_white,APU0300701312,0.8873,lb,imputed_us
2008-09,rice_white,APU0300701312,0.88626,lb,imputed_us
2008-10,rice_white,APU0300701312,0.842,lb,published
2008-11,rice_white,APU0300701312,0.821,lb,published
2008-12,rice_white,APU0300701312,0.823,lb,published
2009-01,rice_white,APU0300701312,0.801,lb,published
2009-02,rice_white,APU0300701312,0.808,lb,published
2009-03,rice_white,APU0300701312,0.815,lb,published
2009-04,rice_white,APU0300701312,0.769,lb,published
2009-05,rice_white,APU0300701312,0.786,lb,published
2009-06,rice_white,APU0300701312,0.819,lb,published
2009-07,rice_white,APU0300701312,0.803,lb,published
2009-08,rice_white,APU0300701312,0.794,lb,published
2009-09,rice_white,APU0300701312,0.823,lb,published
2009-10,rice_white,APU0300701312,0.81,lb,published
2009-11,rice_white,APU0300701312,0.819,lb,published
2009-12,rice_white,APU0300701312,0.812,lb,published
2010-01,rice_white,APU0300701312,0.814,lb,published
2010-02,rice_white,APU0300701312,0.785,lb,published
2010-03,rice_white,APU0300701312,0.791,lb,published
2010-04,rice_white,APU0300701312,0.807,lb,published
2010-05,rice_white,APU0300701312,0.786,lb,published
2010-06,rice_white,APU0300701312,0.787,lb,published
2010-07,rice_white,APU0300701312,0.792,lb,published
2010-08,rice_white,APU0300701312,0.779,lb,published
2010-09,rice_white,APU0300701312,0.772,lb,published
2010-10,rice_white,APU0300701312,0.763,lb,published
2010-11,rice_white,APU0300701312,0.8,lb,published
2010-12,rice_white,APU0300701312,0.817,lb,published
2011-01,rice_white,APU0300701312,0.825,lb,published
2011-02,rice_white,APU0300701312,0.831,lb,published
2011-03,rice_white,APU0300701312,0.845,lb,published
2011-04,rice_white,APU0300701312,0.808,lb,published
2011-05,rice_white,APU0300701312,0.84433,lb,imputed_us
2011-06,rice_white,APU0300701312,0.74,lb,published
2011-07,rice_white,APU0300701312,0.71,lb,published
2011-08,rice_white,APU0300701312,0.735,lb,published
2011-09,rice_white,APU0300701312,0.715,lb,published
2011-10,rice_white,APU0300701312,0.76273,lb,imputed_us
2011-11,rice_white,APU0300701312,0.74782,lb,imputed_us
2011-12,rice_white,APU0300701312,0.72494,lb,imputed_us
2012-01,rice_white,APU0300701312,0.73489,lb,imputed_us
2012-02,rice_white,APU0300701312,0.71401,lb,imputed_us
2012-03,rice_white,APU0300701312,0.69611,lb,imputed_us
2012-04,rice_white,APU0300701312,0.69213,lb,imputed_us
2012-05,rice_white,APU0300701312,0.67323,lb,imputed_us
2012-06,rice_white,APU0300701312,0.67721,lb,imputed_us
2012-07,rice_white,APU0300701312,0.67721,lb,imputed_us
2012-08,rice_white,APU0300701312,0.6792,lb,imputed_us
2012-09,rice_white,APU0300701312,0.68019,lb,imputed_us
2012-10,rice_white,APU0300701312,0.752,lb,published
2012-11,rice_white,APU0300701312,0.746,lb,published
2012-12,rice_white,APU0300701312,0.779,lb,published
2013-01,rice_white,APU0300701312,0.762,lb,published
2013-02,rice_white,APU0300701312,0.756,lb,published
2013-03,rice_white,APU0300701312,0.783,lb,published
2013-04,rice_white,APU0300701312,0.792,lb,published
2013-05,rice_white,APU0300701312,0.76793,lb,imputed_us
2013-06,rice_white,APU0300701312,0.79091,lb,imputed_us
2013-07,rice_white,APU0300701312,0.78872,lb,imputed_us
2013-08,rice_white,APU0300701312,0.80622,lb,imputed_us
2013-09,rice_white,APU0300701312,0.8106,lb,imputed_us
2013-10,rice_white,APU0300701312,0.748,lb,published
2013-11,rice_white,APU0300701312,0.745,lb,published
2013-12,rice_white,APU0300701312,0.743,lb,published
2014-01,rice_white,APU0300701312,0.742,lb,published
2014-02,rice_white,APU0300701312,0.74,lb,published
2014-03,rice_white,APU0300701312,0.74,lb,published
2014-04,rice_white,APU0300701312,0.742,lb,published
2014-05,rice_white,APU0300701312,0.74,lb,published
2014-06,rice_white,APU0300701312,0.766,lb,published
2014-07,rice_white,APU0300701312,0.764,lb,published
2014-08,rice_white,APU0300701312,0.754,lb,published
2014-09,rice_white,APU0300701312,0.745,lb,published
2014-10,rice_white,APU0300701312,0.72203,lb,imputed_us
2014-11,rice_white,APU0300701312,0.71604,lb,imputed_us
2014-12,rice_white,APU0300701312,0.696,lb,published
2015-01,rice_white,APU0300701312,0.697,lb,published
2015-02,rice_white,APU0300701312,0.69,lb,published
2015-03,rice_white,APU0300701312,0.7,lb,published
2015-04,rice_white,APU0300701312,0.69,lb,published
2015-05,rice_white,APU0300701312,0.687,lb,published
2015-06,rice_white,APU0300701312,0.70224,lb,imputed_us
2015-07,rice_white,APU0300701312,0.68395,lb,imputed_us
2015-08,rice_white,APU0300701312,0.67989,lb,imputed_us
2015-09,rice_white,APU0300701312,0.67277,lb,imputed_us
2015-10,rice_white,APU0300701312,0.70123,lb,imputed_us
2015-11,rice_white,APU0300701312,0.74391,lb,imputed_us
2015-12,rice_white,APU0300701312,0.72257,lb,imputed_us
2016-01,rice_white,APU0300701312,0.72054,lb,imputed_us
2016-02,rice_white,APU0300701312,0.7185,lb,imputed_us
2016-03,rice_white,APU0300701312,0.72257,lb,imputed_us
2016-04,rice_white,APU0300701312,0.71444,lb,imputed_us
2016-05,rice_white,APU0300701312,0.88,lb,published
2016-06,rice_white,APU0300701312,0.86469,lb,imputed_us
2016-07,rice_white,APU0300701312,0.87175,lb,imputed_us
2016-08,rice_white,APU0300701312,0.8588,lb,imputed_us
2016-09,rice_white,APU0300701312,0.84937,lb,imputed_us
2016-10,rice_white,APU0300701312,0.8211,lb,imputed_us
2016-11,rice_white,APU0300701312,0.82817,lb,imputed_us
2016-12,rice_white,APU0300701312,0.81639,lb,imputed_us
2017-01,rice_white,APU0300701312,0.82463,lb,imputed_us
2017-02,rice_white,APU0300701312,0.81874,lb,imputed_us
2017-03,rice_white,APU0300701312,0.81521,lb,imputed_us
2017-04,rice_white,APU0300701312,0.80814,lb,imputed_us
2017-05,rice_white,APU0300701312,0.798,lb,published
2017-06,rice_white,APU0300701312,0.827,lb,published
2017-07,rice_white,APU0300701312,0.838,lb,published
2017-08,rice_white,APU0300701312,0.838,lb,published
2017-09,rice_white,APU0300701312,0.83,lb,published
2017-10,rice_white,APU0300701312,0.827,lb,published
2017-11,rice_white,APU0300701312,0.83,lb,published
2017-12,rice_white,APU0300701312,0.832,lb,published
2018-01,rice_white,APU0300701312,0.81,lb,published
2018-02,rice_white,APU0300701312,0.804,lb,published
2018-03,rice_white,APU0300701312,0.801,lb,published
2018-04,rice_white,APU0300701312,0.797,lb,published
2018-05,rice_white,APU0300701312,0.843,lb,published
2018-06,rice_white,APU0300701312,0.806,lb,published
2018-07,rice_white,APU0300701312,0.798,lb,published
2018-08,rice_white,APU0300701312,0.831,lb,published
2018-09,rice_white,APU0300701312,0.83,lb,published
2018-10,rice_white,APU0300701312,0.827,lb,published
2018-11,rice_white,APU0300701312,0.831,lb,published
2018-12,rice_white,APU0300701312,0.839,lb,published
2019-01,rice_white,APU0300701312,0.861,lb,published
2019-02,rice_white,APU0300701312,0.902,lb,published
2019-03,rice_white,APU0300701312,0.887,lb,published
2019-04,rice_white,APU0300701312,0.891,lb,published
2019-05,rice_white,APU0300701312,0.888,lb,published
2019-06,rice_white,APU0300701312,0.925,lb,published
2019-07,rice_white,APU0300701312,0.914,lb,published
2019-08,rice_white,APU0300701312,0.892,lb,published
2019-09,rice_white,APU0300701312,0.909,lb,published
2019-10,rice_white,APU0300701312,0.873,lb,published
2019-11,rice_white,APU0300701312,0.808,lb,published
2019-12,rice_white,APU0300701312,0.801,lb,published
2020-01,rice_white,APU0300701312,0.804,lb,published
2020-02,rice_white,APU0300701312,0.817,lb,published
2020-03,rice_white,APU0300701312,0.81589,lb,imputed_us
2020-04,rice_white,APU0300701312,0.86407,lb,imputed_basket
2020-05,rice_white,APU0300701312,0.8644,lb,imputed_basket
2020-06,rice_white,APU0300701312,0.78,lb,published
2020-07,rice_white,APU0300701312,0.853,lb,published
2020-08,rice_white,APU0300701312,0.849,lb,published
2020-09,rice_white,APU0300701312,0.878,lb,published
2020-10,rice_white,APU0300701312,0.858,lb,published
2020-11,rice_white,APU0300701312,0.923,lb,published
2020-12,rice_white,APU0300701312,0.907,lb,published
2021-01,rice_white,APU0300701312,0.888,lb,published
2021-02,rice_white,APU0300701312,0.858,lb,published
2021-03,rice_white,APU0300701312,0.829,lb,published
2021-04,rice_white,APU0300701312,0.858,lb,published
2021-05,rice_white,APU0300701312,0.877,lb,published
2021-06,rice_white,APU0300701312,0.84,lb,published
2021-07,rice_white,APU0300701312,0.843,lb,published
2021-08,rice_white,APU0300701312,0.864,lb,published
2021-09,rice_white,APU0300701312,0.862,lb,published
2021-10,rice_white,APU0300701312,0.824,lb,published
2021-11,rice_white,APU0300701312,0.863,lb,published
2021-12,rice_white,APU0300701312,0.859,lb,published
2022-01,rice_white,APU0300701312,0.852,lb,published
2022-02,rice_white,APU0300701312,0.852,lb,published
2022-03,rice_white,APU0300701312,0.933,lb,published
2022-04,rice_white,APU0300701312,0.968,lb,published
2022-05,rice_white,APU0300701312,0.996,lb,published
2022-06,rice_white,APU0300701312,0.998,lb,published
2022-07,rice_white,APU0300701312,0.999,lb,published
2022-08,rice_white,APU0300701312,0.977,lb,published
2022-09,rice_white,APU0300701312,1.03,lb,published
2022-10,rice_white,APU0300701312,1.065,lb,published
2022-11,rice_white,APU0300701312,1.076,lb,published
2022-12,rice_white,APU0300701312,1.067,lb,published
2023-01,rice_white,APU0300701312,1.076,lb,published
2023-02,rice_white,APU0300701312,1.073,lb,published
2023-03,rice_white,APU0300701312,1.083,lb,published
2023-04,rice_white,APU0300701312,1.083,lb,published
2023-05,rice_white,APU0300701312,1.165,lb,published
2023-06,rice_white,APU0300701312,1.185,lb,published
2023-07,rice_white,APU0300701312,1.171,lb,published
2023-08,rice_white,APU0300701312,1.113,lb,published
2023-09,rice_white,APU0300701312,1.118,lb,published
2023-10,rice_white,APU0300701312,1.085,lb,published
2023-11,rice_white,APU0300701312,1.102,lb,published
2023-12,rice_white,APU0300701312,1.122,lb,published
2024-01,rice_white,APU0300701312,1.115,lb,published
2024-02,rice_white,APU0300701312,1.125,lb,published
2024-03,rice_white,APU0300701312,1.125,lb,published
2024-04,rice_white,APU0300701312,1.189,lb,published
2024-05,rice_white,APU0300701312,1.198,lb,published
2024-06,rice_white,APU0300701312,1.187,lb,published
2024-07,rice_white,APU0300701312,1.17,lb,published
2024-08,rice_white,APU0300701312,1.201,lb,published
2024-09,rice_white,APU0300701312,1.191,lb,published
2024-10,rice_white,APU0300701312,1.124,lb,published
2024-11,rice_white,APU0300701312,1.145,lb,published
2024-12,rice_white,APU0300701312,1.146,lb,published
2025-01,rice_white,APU0300701312,1.112,lb,published
2025-02,rice_white,APU0300701312,1.137,lb,published
2025-03,rice_white,APU0300701312,1.148,lb,published
2025-04,rice_white,APU0300701312,1.131,lb,published
2025-05,rice_white,APU0300701312,1.167,lb,published
2025-06,rice_white,APU0300701312,1.175,lb,published
2025-07,rice_white,APU0300701312,1.17,lb,published
2025-08,rice_white,APU0300701312,1.166,lb,published
2025-09,rice_white,APU0300701312,1.175,lb,published
2025-10,rice_white,APU0300701312,1.175,lb,carried
2025-11,rice_white,APU0300701312,1.188,lb,published
2025-12,rice_white,APU0300701312,1.202,lb,published
2026-01,rice_white,APU0300701312,1.156,lb,published
2026-02,rice_white,APU0300701312,1.153,lb,published
2026-03,rice_white,APU0300701312,1.119,lb,published
2026-04,rice_white,APU0300701312,1.167,lb,published
2026-05,rice_white,APU0300701312,1.182,lb,published
2026-06,rice_white,APU0300701312,1.213,lb,published
2026-07,rice_white,APU0300701312,1.218,lb,published
2026-08,rice_white,APU0300701312,1.213,lb,published
2006-01,spaghetti,APU0300701322,0.832,lb,published
2006-02,spaghetti,APU0300701322,0.84,lb,published
2006-03,spaghetti,APU0300701322,0.86,lb,published
2006-04,spaghetti,APU0300701322,0.848,lb,published
2006-05,spaghetti,APU0300701322,0.898,lb,published
2006-06,spaghetti,APU0300701322,0.883,lb,published
2006-07,spaghetti,APU0300701322,0.883,lb,published
2006-08,spaghetti,APU0300701322,0.88,lb,published
2006-09,spaghetti,APU0300701322,0.881,lb,published
2006-10,spaghetti,APU0300701322,0.852,lb,published
2006-11,spaghetti,APU0300701322,0.884,lb,published
2006-12,spaghetti,APU0300701322,0.929,lb,published
2007-01,spaghetti,APU0300701322,0.846,lb,published
2007-02,spaghetti,APU0300701322,0.857,lb,published
2007-03,spaghetti,APU0300701322,0.942,lb,published
2007-04,spaghetti,APU0300701322,0.948,lb,published
2007-05,spaghetti,APU0300701322,0.926,lb,published
2007-06,spaghetti,APU0300701322,0.893,lb,published
2007-07,spaghetti,APU0300701322,0.9,lb,published
2007-08,spaghetti,APU0300701322,0.931,lb,published
2007-09,spaghetti,APU0300701322,0.953,lb,published
2007-10,spaghetti,APU0300701322,0.903,lb,published
2007-11,spaghetti,APU0300701322,0.889,lb,published
2007-12,spaghetti,APU0300701322,0.934,lb,published
2008-01,spaghetti,APU0300701322,1.019,lb,published
2008-02,spaghetti,APU0300701322,1.086,lb,published
2008-03,spaghetti,APU0300701322,1.146,lb,published
2008-04,spaghetti,APU0300701322,1.139,lb,published
2008-05,spaghetti,APU0300701322,1.159,lb,published
2008-06,spaghetti,APU0300701322,1.164,lb,published
2008-07,spaghetti,APU0300701322,1.175,lb,published
2008-08,spaghetti,APU0300701322,1.151,lb,published
2008-09,spaghetti,APU0300701322,1.187,lb,published
2008-10,spaghetti,APU0300701322,1.182,lb,published
2008-11,spaghetti,APU0300701322,1.166,lb,published
2008-12,spaghetti,APU0300701322,1.169,lb,published
2009-01,spaghetti,APU0300701322,1.11,lb,published
2009-02,spaghetti,APU0300701322,1.152,lb,published
2009-03,spaghetti,APU0300701322,1.1581,lb,imputed_us
2009-04,spaghetti,APU0300701322,1.173,lb,published
2009-05,spaghetti,APU0300701322,1.22736,lb,imputed_us
2009-06,spaghetti,APU0300701322,1.176,lb,published
2009-07,spaghetti,APU0300701322,1.191,lb,published
2009-08,spaghetti,APU0300701322,1.156,lb,published
2009-09,spaghetti,APU0300701322,1.176,lb,published
2009-10,spaghetti,APU0300701322,1.123,lb,published
2009-11,spaghetti,APU0300701322,1.133,lb,published
2009-12,spaghetti,APU0300701322,1.124,lb,published
2010-01,spaghetti,APU0300701322,1.114,lb,published
2010-02,spaghetti,APU0300701322,1.098,lb,published
2010-03,spaghetti,APU0300701322,1.133,lb,published
2010-04,spaghetti,APU0300701322,1.059,lb,published
2010-05,spaghetti,APU0300701322,1.03,lb,published
2010-06,spaghetti,APU0300701322,1.076,lb,published
2010-07,spaghetti,APU0300701322,1.08,lb,published
2010-08,spaghetti,APU0300701322,1.098,lb,published
2010-09,spaghetti,APU0300701322,1.092,lb,published
2010-10,spaghetti,APU0300701322,1.09676,lb,imputed_us
2010-11,spaghetti,APU0300701322,1.08534,lb,imputed_us
2010-12,spaghetti,APU0300701322,1.1329,lb,imputed_us
2011-01,spaghetti,APU0300701322,1.15002,lb,imputed_us
2011-02,spaghetti,APU0300701322,1.06156,lb,imputed_us
2011-03,spaghetti,APU0300701322,1.13861,lb,imputed_us
2011-04,spaghetti,APU0300701322,1.11578,lb,imputed_us
2011-05,spaghetti,APU0300701322,1.17095,lb,imputed_us
2011-06,spaghetti,APU0300701322,1.18712,lb,imputed_us
2011-07,spaghetti,APU0300701322,1.2071,lb,imputed_us
2011-08,spaghetti,APU0300701322,1.21661,lb,imputed_us
2011-09,spaghetti,APU0300701322,1.20805,lb,imputed_us
2011-10,spaghetti,APU0300701322,1.212,lb,published
2011-11,spaghetti,APU0300701322,1.25843,lb,imputed_us
2011-12,spaghetti,APU0300701322,1.23759,lb,imputed_us
2012-01,spaghetti,APU0300701322,1.24801,lb,imputed_us
2012-02,spaghetti,APU0300701322,1.24232,lb,imputed_us
2012-03,spaghetti,APU0300701322,1.20442,lb,imputed_us
2012-04,spaghetti,APU0300701322,1.24706,lb,imputed_us
2012-05,spaghetti,APU0300701322,1.234,lb,published
2012-06,spaghetti,APU0300701322,1.25,lb,published
2012-07,spaghetti,APU0300701322,1.269,lb,published
2012-08,spaghetti,APU0300701322,1.272,lb,published
2012-09,spaghetti,APU0300701322,1.272,lb,published
2012-10,spaghetti,APU0300701322,1.241,lb,published
2012-11,spaghetti,APU0300701322,1.258,lb,published
2012-12,spaghetti,APU0300701322,1.26,lb,published
2013-01,spaghetti,APU0300701322,1.243,lb,published
2013-02,spaghetti,APU0300701322,1.226,lb,published
2013-03,spaghetti,APU0300701322,1.3,lb,published
2013-04,spaghetti,APU0300701322,1.301,lb,published
2013-05,spaghetti,APU0300701322,1.372,lb,published
2013-06,spaghetti,APU0300701322,1.30495,lb,imputed_us
2013-07,spaghetti,APU0300701322,1.31496,lb,imputed_us
2013-08,spaghetti,APU0300701322,1.29695,lb,imputed_us
2013-09,spaghetti,APU0300701322,1.30095,lb,imputed_us
2013-10,spaghetti,APU0300701322,1.28394,lb,imputed_us
2013-11,spaghetti,APU0300701322,1.29494,lb,imputed_us
2013-12,spaghetti,APU0300701322,1.26392,lb,imputed_us
2014-01,spaghetti,APU0300701322,1.29094,lb,imputed_us
2014-02,spaghetti,APU0300701322,1.26592,lb,imputed_us
2014-03,spaghetti,APU0300701322,1.30795,lb,imputed_us
2014-04,spaghetti,APU0300701322,1.24191,lb,imputed_us
2014-05,spaghetti,APU0300701322,1.30195,lb,imputed_us
2014-06,spaghetti,APU0300701322,1.26792,lb,imputed_us
2014-07,spaghetti,APU0300701322,1.32497,lb,imputed_us
2014-08,spaghetti,APU0300701322,1.376,lb,imputed_us
2014-09,spaghetti,APU0300701322,1.35098,lb,imputed_us
2014-10,spaghetti,APU0300701322,1.264,lb,published
2014-11,spaghetti,APU0300701322,1.285,lb,published
2014-12,spaghetti,APU0300701322,1.283,lb,published
2015-01,spaghetti,APU0300701322,1.315,lb,published
2015-02,spaghetti,APU0300701322,1.321,lb,published
2015-03,spaghetti,APU0300701322,1.344,lb,published
2015-04,spaghetti,APU0300701322,1.322,lb,published
2015-05,spaghetti,APU0300701322,1.318,lb,published
2015-06,spaghetti,APU0300701322,1.335,lb,published
2015-07,spaghetti,APU0300701322,1.315,lb,published
2015-08,spaghetti,APU0300701322,1.315,lb,published
2015-09,spaghetti,APU0300701322,1.271,lb,published
2015-10,spaghetti,APU0300701322,1.271,lb,published
2015-11,spaghetti,APU0300701322,1.271,lb,published
2015-12,spaghetti,APU0300701322,1.214,lb,published
2016-01,spaghetti,APU0300701322,1.239,lb,published
2016-02,spaghetti,APU0300701322,1.305,lb,published
2016-03,spaghetti,APU0300701322,1.288,lb,published
2016-04,spaghetti,APU0300701322,1.216,lb,published
2016-05,spaghetti,APU0300701322,1.289,lb,published
2016-06,spaghetti,APU0300701322,1.266,lb,published
2016-07,spaghetti,APU0300701322,1.258,lb,published
2016-08,spaghetti,APU0300701322,1.25,lb,published
2016-09,spaghetti,APU0300701322,1.257,lb,published
2016-10,spaghetti,APU0300701322,1.206,lb,published
2016-11,spaghetti,APU0300701322,1.178,lb,published
2016-12,spaghetti,APU0300701322,1.175,lb,published
2017-01,spaghetti,APU0300701322,1.22,lb,published
2017-02,spaghetti,APU0300701322,1.211,lb,published
2017-03,spaghetti,APU0300701322,1.189,lb,published
2017-04,spaghetti,APU0300701322,1.126,lb,published
2017-05,spaghetti,APU0300701322,1.179,lb,published
2017-06,spaghetti,APU0300701322,1.183,lb,published
2017-07,spaghetti,APU0300701322,1.214,lb,published
2017-08,spaghetti,APU0300701322,1.233,lb,published
2017-09,spaghetti,APU0300701322,1.232,lb,published
2017-10,spaghetti,APU0300701322,1.212,lb,published
2017-11,spaghetti,APU0300701322,1.244,lb,published
2017-12,spaghetti,APU0300701322,1.237,lb,published
2018-01,spaghetti,APU0300701322,1.231,lb,published
2018-02,spaghetti,APU0300701322,1.158,lb,published
2018-03,spaghetti,APU0300701322,1.173,lb,published
2018-04,spaghetti,APU0300701322,1.129,lb,published
2018-05,spaghetti,APU0300701322,1.045,lb,published
2018-06,spaghetti,APU0300701322,1.121,lb,published
2018-07,spaghetti,APU0300701322,1.127,lb,published
2018-08,spaghetti,APU0300701322,1.149,lb,published
2018-09,spaghetti,APU0300701322,1.152,lb,published
2018-10,spaghetti,APU0300701322,1.108,lb,published
2018-11,spaghetti,APU0300701322,1.15,lb,published
2018-12,spaghetti,APU0300701322,1.153,lb,published
2019-01,spaghetti,APU0300701322,1.175,lb,published
2019-02,spaghetti,APU0300701322,1.182,lb,published
2019-03,spaghetti,APU0300701322,1.191,lb,published
2019-04,spaghetti,APU0300701322,1.211,lb,published
2019-05,spaghetti,APU0300701322,1.147,lb,published
2019-06,spaghetti,APU0300701322,1.14221,lb,imputed_us
2019-07,spaghetti,APU0300701322,1.14796,lb,imputed_us
2019-08,spaghetti,APU0300701322,1.16425,lb,imputed_us
2019-09,spaghetti,APU0300701322,1.13454,lb,imputed_us
2019-10,spaghetti,APU0300701322,1.12879,lb,imputed_us
2019-11,spaghetti,APU0300701322,1.101,lb,published
2019-12,spaghetti,APU0300701322,1.097,lb,published
2020-01,spaghetti,APU0300701322,1.126,lb,published
2020-02,spaghetti,APU0300701322,1.099,lb,published
2020-03,spaghetti,APU0300701322,1.126,lb,published
2020-04,spaghetti,APU0300701322,1.105,lb,published
2020-05,spaghetti,APU0300701322,1.129,lb,published
2020-06,spaghetti,APU0300701322,1.119,lb,published
2020-07,spaghetti,APU0300701322,1.114,lb,published
2020-08,spaghetti,APU0300701322,1.143,lb,published
2020-09,spaghetti,APU0300701322,1.132,lb,published
2020-10,spaghetti,APU0300701322,1.104,lb,published
2020-11,spaghetti,APU0300701322,1.14201,lb,imputed_us
2020-12,spaghetti,APU0300701322,1.18816,lb,imputed_us
2021-01,spaghetti,APU0300701322,1.156,lb,published
2021-02,spaghetti,APU0300701322,1.175,lb,published
2021-03,spaghetti,APU0300701322,1.158,lb,published
2021-04,spaghetti,APU0300701322,1.109,lb,published
2021-05,spaghetti,APU0300701322,1.113,lb,published
2021-06,spaghetti,APU0300701322,0.787,lb,published
2021-07,spaghetti,APU0300701322,0.793,lb,published
2021-08,spaghetti,APU0300701322,0.782,lb,published
2021-09,spaghetti,APU0300701322,0.786,lb,published
2021-10,spaghetti,APU0300701322,0.79,lb,published
2021-11,spaghetti,APU0300701322,0.805,lb,published
2021-12,spaghetti,APU0300701322,0.794,lb,published
2022-01,spaghetti,APU0300701322,0.798,lb,published
2022-02,spaghetti,APU0300701322,0.821,lb,published
2022-03,spaghetti,APU0300701322,0.863,lb,published
2022-04,spaghetti,APU0300701322,0.871,lb,published
2022-05,spaghetti,APU0300701322,0.988,lb,published
2022-06,spaghetti,APU0300701322,1.065,lb,published
2022-07,spaghetti,APU0300701322,1.072,lb,published
2022-08,spaghetti,APU0300701322,1.079,lb,published
2022-09,spaghetti,APU0300701322,1.091,lb,published
2022-10,spaghetti,APU0300701322,1.071,lb,published
2022-11,spaghetti,APU0300701322,1.102,lb,published
2022-12,spaghetti,APU0300701322,1.107,lb,published
2023-01,spaghetti,APU0300701322,1.158,lb,published
2023-02,spaghetti,APU0300701322,1.172,lb,published
2023-03,spaghetti,APU0300701322,1.175,lb,published
2023-04,spaghetti,APU0300701322,1.178,lb,published
2023-05,spaghetti,APU0300701322,1.181,lb,published
2023-06,spaghetti,APU0300701322,1.175,lb,published
2023-07,spaghetti,APU0300701322,1.179,lb,published
2023-08,spaghetti,APU0300701322,1.167,lb,published
2023-09,spaghetti,APU0300701322,1.155,lb,published
2023-10,spaghetti,APU0300701322,1.154,lb,published
2023-11,spaghetti,APU0300701322,1.154,lb,published
2023-12,spaghetti,APU0300701322,1.133,lb,published
2024-01,spaghetti,APU0300701322,1.226,lb,published
2024-02,spaghetti,APU0300701322,1.198,lb,published
2024-03,spaghetti,APU0300701322,1.224,lb,published
2024-04,spaghetti,APU0300701322,1.23,lb,published
2024-05,spaghetti,APU0300701322,1.225,lb,published
2024-06,spaghetti,APU0300701322,1.234,lb,published
2024-07,spaghetti,APU0300701322,1.229,lb,published
2024-08,spaghetti,APU0300701322,1.243,lb,published
2024-09,spaghetti,APU0300701322,1.238,lb,published
2024-10,spaghetti,APU0300701322,1.24,lb,published
2024-11,spaghetti,APU0300701322,1.262,lb,published
2024-12,spaghetti,APU0300701322,1.261,lb,published
2025-01,spaghetti,APU0300701322,1.269,lb,published
2025-02,spaghetti,APU0300701322,1.262,lb,published
2025-03,spaghetti,APU0300701322,1.269,lb,published
2025-04,spaghetti,APU0300701322,1.259,lb,published
2025-05,spaghetti,APU0300701322,1.191,lb,published
2025-06,spaghetti,APU0300701322,1.21,lb,published
2025-07,spaghetti,APU0300701322,1.198,lb,published
2025-08,spaghetti,APU0300701322,1.191,lb,published
2025-09,spaghetti,APU0300701322,1.051,lb,published
2025-10,spaghetti,APU0300701322,1.051,lb,carried
2025-11,spaghetti,APU0300701322,1.248,lb,published
2025-12,spaghetti,APU0300701322,1.223,lb,published
2026-01,spaghetti,APU0300701322,1.26,lb,published
2026-02,spaghetti,APU0300701322,1.244,lb,published
2026-03,spaghetti,APU0300701322,1.237,lb,published
2026-04,spaghetti,APU0300701322,1.275,lb,published
2026-05,spaghetti,APU0300701322,1.317,lb,published
2026-06,spaghetti,APU0300701322,1.276,lb,published
2026-07,spaghetti,APU0300701322,1.28,lb,published
2026-08,spaghetti,APU0300701322,1.277,lb,published
2006-01,bread_white,APU0300702111,0.0615,oz,published
2006-02,bread_white,APU0300702111,0.06106,oz,published
2006-03,bread_white,APU0300702111,0.06106,oz,published
2006-04,bread_white,APU0300702111,0.06256,oz,published
2006-05,bread_white,APU0300702111,0.06256,oz,published
2006-06,bread_white,APU0300702111,0.06087,oz,published
2006-07,bread_white,APU0300702111,0.06112,oz,published
2006-08,bread_white,APU0300702111,0.06131,oz,published
2006-09,bread_white,APU0300702111,0.06219,oz,published
2006-10,bread_white,APU0300702111,0.06331,oz,published
2006-11,bread_white,APU0300702111,0.06531,oz,published
2006-12,bread_white,APU0300702111,0.0655,oz,published
2007-01,bread_white,APU0300702111,0.06525,oz,published
2007-02,bread_white,APU0300702111,0.06675,oz,published
2007-03,bread_white,APU0300702111,0.06631,oz,published
2007-04,bread_white,APU0300702111,0.06794,oz,published
2007-05,bread_white,APU0300702111,0.06719,oz,published
2007-06,bread_white,APU0300702111,0.06613,oz,published
2007-07,bread_white,APU0300702111,0.06606,oz,published
2007-08,bread_white,APU0300702111,0.06556,oz,published
2007-09,bread_white,APU0300702111,0.06688,oz,published
2007-10,bread_white,APU0300702111,0.06775,oz,published
2007-11,bread_white,APU0300702111,0.06706,oz,published
2007-12,bread_white,APU0300702111,0.069,oz,published
2008-01,bread_white,APU0300702111,0.06925,oz,published
2008-02,bread_white,APU0300702111,0.07125,oz,published
2008-03,bread_white,APU0300702111,0.07269,oz,published
2008-04,bread_white,APU0300702111,0.07356,oz,published
2008-05,bread_white,APU0300702111,0.07556,oz,published
2008-06,bread_white,APU0300702111,0.07687,oz,published
2008-07,bread_white,APU0300702111,0.07731,oz,published
2008-08,bread_white,APU0300702111,0.07562,oz,published
2008-09,bread_white,APU0300702111,0.07562,oz,published
2008-10,bread_white,APU0300702111,0.07706,oz,published
2008-11,bread_white,APU0300702111,0.08006,oz,published
2008-12,bread_white,APU0300702111,0.07956,oz,published
2009-01,bread_white,APU0300702111,0.076,oz,published
2009-02,bread_white,APU0300702111,0.07963,oz,published
2009-03,bread_white,APU0300702111,0.08181,oz,published
2009-04,bread_white,APU0300702111,0.08088,oz,published
2009-05,bread_white,APU0300702111,0.08375,oz,published
2009-06,bread_white,APU0300702111,0.07981,oz,published
2009-07,bread_white,APU0300702111,0.08213,oz,published
2009-08,bread_white,APU0300702111,0.08038,oz,published
2009-09,bread_white,APU0300702111,0.0795,oz,published
2009-10,bread_white,APU0300702111,0.08238,oz,published
2009-11,bread_white,APU0300702111,0.08181,oz,published
2009-12,bread_white,APU0300702111,0.08238,oz,published
2010-01,bread_white,APU0300702111,0.07925,oz,published
2010-02,bread_white,APU0300702111,0.08031,oz,published
2010-03,bread_white,APU0300702111,0.08156,oz,published
2010-04,bread_white,APU0300702111,0.081,oz,published
2010-05,bread_white,APU0300702111,0.08144,oz,published
2010-06,bread_white,APU0300702111,0.08488,oz,published
2010-07,bread_white,APU0300702111,0.08069,oz,published
2010-08,bread_white,APU0300702111,0.08344,oz,published
2010-09,bread_white,APU0300702111,0.08238,oz,published
2010-10,bread_white,APU0300702111,0.08631,oz,published
2010-11,bread_white,APU0300702111,0.08731,oz,published
2010-12,bread_white,APU0300702111,0.08687,oz,published
2011-01,bread_white,APU0300702111,0.08719,oz,published
2011-02,bread_white,APU0300702111,0.08819,oz,published
2011-03,bread_white,APU0300702111,0.09019,oz,published
2011-04,bread_white,APU0300702111,0.088,oz,published
2011-05,bread_white,APU0300702111,0.09031,oz,published
2011-06,bread_white,APU0300702111,0.09544,oz,published
2011-07,bread_white,APU0300702111,0.09731,oz,published
2011-08,bread_white,APU0300702111,0.09463,oz,published
2011-09,bread_white,APU0300702111,0.09362,oz,published
2011-10,bread_white,APU0300702111,0.0915,oz,published
2011-11,bread_white,APU0300702111,0.08962,oz,published
2011-12,bread_white,APU0300702111,0.09056,oz,published
2012-01,bread_white,APU0300702111,0.08969,oz,published
2012-02,bread_white,APU0300702111,0.09,oz,published
2012-03,bread_white,APU0300702111,0.08737,oz,published
2012-04,bread_white,APU0300702111,0.09006,oz,published
2012-05,bread_white,APU0300702111,0.09025,oz,published
2012-06,bread_white,APU0300702111,0.0845,oz,published
2012-07,bread_white,APU0300702111,0.08706,oz,published
2012-08,bread_white,APU0300702111,0.08762,oz,published
2012-09,bread_white,APU0300702111,0.08538,oz,published
2012-10,bread_white,APU0300702111,0.09012,oz,published
2012-11,bread_white,APU0300702111,0.08794,oz,published
2012-12,bread_white,APU0300702111,0.08919,oz,published
2013-01,bread_white,APU0300702111,0.08887,oz,published
2013-02,bread_white,APU0300702111,0.08694,oz,published
2013-03,bread_white,APU0300702111,0.08856,oz,published
2013-04,bread_white,APU0300702111,0.08975,oz,published
2013-05,bread_white,APU0300702111,0.0855,oz,published
2013-06,bread_white,APU0300702111,0.08987,oz,published
2013-07,bread_white,APU0300702111,0.08769,oz,published
2013-08,bread_white,APU0300702111,0.0865,oz,published
2013-09,bread_white,APU0300702111,0.08956,oz,published
2013-10,bread_white,APU0300702111,0.08406,oz,published
2013-11,bread_white,APU0300702111,0.08619,oz,published
2013-12,bread_white,APU0300702111,0.08481,oz,published
2014-01,bread_white,APU0300702111,0.08469,oz,published
2014-02,bread_white,APU0300702111,0.0865,oz,published
2014-03,bread_white,APU0300702111,0.08413,oz,published
2014-04,bread_white,APU0300702111,0.08756,oz,published
2014-05,bread_white,APU0300702111,0.086,oz,published
2014-06,bread_white,APU0300702111,0.08744,oz,published
2014-07,bread_white,APU0300702111,0.08769,oz,published
2014-08,bread_white,APU0300702111,0.08519,oz,published
2014-09,bread_white,APU0300702111,0.08812,oz,published
2014-10,bread_white,APU0300702111,0.08581,oz,published
2014-11,bread_white,APU0300702111,0.08706,oz,published
2014-12,bread_white,APU0300702111,0.08969,oz,published
2015-01,bread_white,APU0300702111,0.08956,oz,published
2015-02,bread_white,APU0300702111,0.09056,oz,published
2015-03,bread_white,APU0300702111,0.09069,oz,published
2015-04,bread_white,APU0300702111,0.08969,oz,published
2015-05,bread_white,APU0300702111,0.09062,oz,published
2015-06,bread_white,APU0300702111,0.08844,oz,published
2015-07,bread_white,APU0300702111,0.089,oz,published
2015-08,bread_white,APU0300702111,0.08631,oz,published
2015-09,bread_white,APU0300702111,0.08831,oz,published
2015-10,bread_white,APU0300702111,0.08875,oz,published
2015-11,bread_white,APU0300702111,0.0885,oz,published
2015-12,bread_white,APU0300702111,0.08881,oz,published
2016-01,bread_white,APU0300702111,0.08775,oz,published
2016-02,bread_white,APU0300702111,0.08731,oz,published
2016-03,bread_white,APU0300702111,0.08706,oz,published
2016-04,bread_white,APU0300702111,0.0855,oz,published
2016-05,bread_white,APU0300702111,0.08519,oz,published
2016-06,bread_white,APU0300702111,0.08194,oz,published
2016-07,bread_white,APU0300702111,0.08338,oz,published
2016-08,bread_white,APU0300702111,0.08194,oz,published
2016-09,bread_white,APU0300702111,0.083,oz,published
2016-10,bread_white,APU0300702111,0.08325,oz,published
2016-11,bread_white,APU0300702111,0.08606,oz,published
2016-12,bread_white,APU0300702111,0.08637,oz,published
2017-01,bread_white,APU0300702111,0.08506,oz,published
2017-02,bread_white,APU0300702111,0.08606,oz,published
2017-03,bread_white,APU0300702111,0.0845,oz,published
2017-04,bread_white,APU0300702111,0.08556,oz,published
2017-05,bread_white,APU0300702111,0.08388,oz,published
2017-06,bread_white,APU0300702111,0.08769,oz,published
2017-07,bread_white,APU0300702111,0.08606,oz,published
2017-08,bread_white,APU0300702111,0.08937,oz,published
2017-09,bread_white,APU0300702111,0.08981,oz,published
2017-10,bread_white,APU0300702111,0.0875,oz,published
2017-11,bread_white,APU0300702111,0.08338,oz,published
2017-12,bread_white,APU0300702111,0.08369,oz,published
2018-01,bread_white,APU0300702111,0.08431,oz,published
2018-02,bread_white,APU0300702111,0.08313,oz,published
2018-03,bread_white,APU0300702111,0.08519,oz,published
2018-04,bread_white,APU0300702111,0.08344,oz,published
2018-05,bread_white,APU0300702111,0.08394,oz,published
2018-06,bread_white,APU0300702111,0.08056,oz,published
2018-07,bread_white,APU0300702111,0.08188,oz,published
2018-08,bread_white,APU0300702111,0.08375,oz,published
2018-09,bread_white,APU0300702111,0.08438,oz,published
2018-10,bread_white,APU0300702111,0.08669,oz,published
2018-11,bread_white,APU0300702111,0.08281,oz,published
2018-12,bread_white,APU0300702111,0.08325,oz,published
2019-01,bread_white,APU0300702111,0.08281,oz,published
2019-02,bread_white,APU0300702111,0.0815,oz,published
2019-03,bread_white,APU0300702111,0.08238,oz,published
2019-04,bread_white,APU0300702111,0.08238,oz,published
2019-05,bread_white,APU0300702111,0.083,oz,published
2019-06,bread_white,APU0300702111,0.07981,oz,published
2019-07,bread_white,APU0300702111,0.0805,oz,published
2019-08,bread_white,APU0300702111,0.08019,oz,published
2019-09,bread_white,APU0300702111,0.08194,oz,published
2019-10,bread_white,APU0300702111,0.08669,oz,published
2019-11,bread_white,APU0300702111,0.0865,oz,published
2019-12,bread_white,APU0300702111,0.08719,oz,published
2020-01,bread_white,APU0300702111,0.0865,oz,published
2020-02,bread_white,APU0300702111,0.08675,oz,published
2020-03,bread_white,APU0300702111,0.08869,oz,published
2020-04,bread_white,APU0300702111,0.09075,oz,imputed_us
2020-05,bread_white,APU0300702111,0.09112,oz,published
2020-06,bread_white,APU0300702111,0.08975,oz,published
2020-07,bread_white,APU0300702111,0.0915,oz,published
2020-08,bread_white,APU0300702111,0.09237,oz,published
2020-09,bread_white,APU0300702111,0.09125,oz,published
2020-10,bread_white,APU0300702111,0.09187,oz,published
2020-11,bread_white,APU0300702111,0.09194,oz,published
2020-12,bread_white,APU0300702111,0.09381,oz,published
2021-01,bread_white,APU0300702111,0.09563,oz,published
2021-02,bread_white,APU0300702111,0.09306,oz,published
2021-03,bread_white,APU0300702111,0.08969,oz,published
2021-04,bread_white,APU0300702111,0.08875,oz,published
2021-05,bread_white,APU0300702111,0.08675,oz,published
2021-06,bread_white,APU0300702111,0.08887,oz,published
2021-07,bread_white,APU0300702111,0.08775,oz,published
2021-08,bread_white,APU0300702111,0.08631,oz,published
2021-09,bread_white,APU0300702111,0.09569,oz,published
2021-10,bread_white,APU0300702111,0.08669,oz,published
2021-11,bread_white,APU0300702111,0.083,oz,published
2021-12,bread_white,APU0300702111,0.08406,oz,published
2022-01,bread_white,APU0300702111,0.08756,oz,published
2022-02,bread_white,APU0300702111,0.08569,oz,published
2022-03,bread_white,APU0300702111,0.08594,oz,published
2022-04,bread_white,APU0300702111,0.08831,oz,published
2022-05,bread_white,APU0300702111,0.0905,oz,published
2022-06,bread_white,APU0300702111,0.096,oz,published
2022-07,bread_white,APU0300702111,0.09694,oz,published
2022-08,bread_white,APU0300702111,0.09744,oz,published
2022-09,bread_white,APU0300702111,0.099,oz,published
2022-10,bread_white,APU0300702111,0.1045,oz,published
2022-11,bread_white,APU0300702111,0.105,oz,published
2022-12,bread_white,APU0300702111,0.10644,oz,published
2023-01,bread_white,APU0300702111,0.11056,oz,published
2023-02,bread_white,APU0300702111,0.107,oz,published
2023-03,bread_white,APU0300702111,0.11069,oz,published
2023-04,bread_white,APU0300702111,0.11294,oz,published
2023-05,bread_white,APU0300702111,0.11319,oz,published
2023-06,bread_white,APU0300702111,0.10994,oz,published
2023-07,bread_white,APU0300702111,0.11044,oz,published
2023-08,bread_white,APU0300702111,0.10938,oz,published
2023-09,bread_white,APU0300702111,0.11206,oz,published
2023-10,bread_white,APU0300702111,0.11206,oz,published
2023-11,bread_white,APU0300702111,0.11219,oz,published
2023-12,bread_white,APU0300702111,0.11456,oz,published
2024-01,bread_white,APU0300702111,0.11725,oz,published
2024-02,bread_white,APU0300702111,0.11388,oz,published
2024-03,bread_white,APU0300702111,0.11138,oz,published
2024-04,bread_white,APU0300702111,0.11219,oz,published
2024-05,bread_white,APU0300702111,0.11375,oz,published
2024-06,bread_white,APU0300702111,0.10762,oz,published
2024-07,bread_white,APU0300702111,0.1065,oz,published
2024-08,bread_white,APU0300702111,0.10969,oz,published
2024-09,bread_white,APU0300702111,0.10994,oz,published
2024-10,bread_white,APU0300702111,0.11131,oz,published
2024-11,bread_white,APU0300702111,0.11306,oz,published
2024-12,bread_white,APU0300702111,0.10956,oz,published
2025-01,bread_white,APU0300702111,0.10956,oz,published
2025-02,bread_white,APU0300702111,0.109,oz,published
2025-03,bread_white,APU0300702111,0.10938,oz,published
2025-04,bread_white,APU0300702111,0.10694,oz,published
2025-05,bread_white,APU0300702111,0.10925,oz,published
2025-06,bread_white,APU0300702111,0.11113,oz,published
2025-07,bread_white,APU0300702111,0.10938,oz,published
2025-08,bread_white,APU0300702111,0.1085,oz,published
2025-09,bread_white,APU0300702111,0.1115,oz,published
2025-10,bread_white,APU0300702111,0.1115,oz,carried
2025-11,bread_white,APU0300702111,0.10619,oz,published
2025-12,bread_white,APU0300702111,0.10725,oz,published
2026-01,bread_white,APU0300702111,0.10775,oz,published
2026-02,bread_white,APU0300702111,0.10719,oz,published
2026-03,bread_white,APU0300702111,0.109,oz,published
2026-04,bread_white,APU0300702111,0.10819,oz,published
2026-05,bread_white,APU0300702111,0.11038,oz,published
2026-06,bread_white,APU0300702111,0.11069,oz,published
2026-07,bread_white,APU0300702111,0.10925,oz,published
2026-08,bread_white,APU0300702111,0.10775,oz,published
2006-01,ground_beef,APU0300703112,2.293,lb,published
2006-02,ground_beef,APU0300703112,2.146,lb,published
2006-03,ground_beef,APU0300703112,2.298,lb,published
2006-04,ground_beef,APU0300703112,2.237,lb,published
2006-05,ground_beef,APU0300703112,2.24905,lb,imputed_us
2006-06,ground_beef,APU0300703112,2.24604,lb,imputed_us
2006-07,ground_beef,APU0300703112,2.15567,lb,imputed_us
2006-08,ground_beef,APU0300703112,2.22194,lb,imputed_us
2006-09,ground_beef,APU0300703112,2.21089,lb,imputed_us
2006-10,ground_beef,APU0300703112,2.21491,lb,imputed_us
2006-11,ground_beef,APU0300703112,2.21491,lb,imputed_us
2006-12,ground_beef,APU0300703112,2.26813,lb,imputed_us
2007-01,ground_beef,APU0300703112,2.19383,lb,imputed_us
2007-02,ground_beef,APU0300703112,2.31331,lb,imputed_us
2007-03,ground_beef,APU0300703112,2.30126,lb,imputed_us
2007-04,ground_beef,APU0300703112,2.26311,lb,imputed_us
2007-05,ground_beef,APU0300703112,2.31632,lb,imputed_us
2007-06,ground_beef,APU0300703112,2.34242,lb,imputed_us
2007-07,ground_beef,APU0300703112,2.37556,lb,imputed_us
2007-08,ground_beef,APU0300703112,2.40467,lb,imputed_us
2007-09,ground_beef,APU0300703112,2.38158,lb,imputed_us
2007-10,ground_beef,APU0300703112,2.26913,lb,imputed_us
2007-11,ground_beef,APU0300703112,2.356,lb,published
2007-12,ground_beef,APU0300703112,2.303,lb,published
2008-01,ground_beef,APU0300703112,2.487,lb,published
2008-02,ground_beef,APU0300703112,2.515,lb,published
2008-03,ground_beef,APU0300703112,2.401,lb,published
2008-04,ground_beef,APU0300703112,2.352,lb,published
2008-05,ground_beef,APU0300703112,2.395,lb,published
2008-06,ground_beef,APU0300703112,2.34944,lb,imputed_us
2008-07,ground_beef,APU0300703112,2.33805,lb,imputed_us
2008-08,ground_beef,APU0300703112,2.45506,lb,imputed_us
2008-09,ground_beef,APU0300703112,2.50476,lb,imputed_us
2008-10,ground_beef,APU0300703112,2.48716,lb,imputed_us
2008-11,ground_beef,APU0300703112,2.44056,lb,imputed_us
2008-12,ground_beef,APU0300703112,2.4913,lb,imputed_us
2009-01,ground_beef,APU0300703112,2.44056,lb,imputed_us
2009-02,ground_beef,APU0300703112,2.52236,lb,imputed_us
2009-03,ground_beef,APU0300703112,2.34944,lb,imputed_us
2009-04,ground_beef,APU0300703112,2.3308,lb,imputed_us
2009-05,ground_beef,APU0300703112,2.33701,lb,imputed_us
2009-06,ground_beef,APU0300703112,2.3132,lb,imputed_us
2009-07,ground_beef,APU0300703112,2.22312,lb,imputed_us
2009-08,ground_beef,APU0300703112,2.20965,lb,imputed_us
2009-09,ground_beef,APU0300703112,2.2138,lb,imputed_us
2009-10,ground_beef,APU0300703112,2.25418,lb,imputed_us
2009-11,ground_beef,APU0300703112,2.1351,lb,imputed_us
2009-12,ground_beef,APU0300703112,2.201,lb,published
2010-01,ground_beef,APU0300703112,2.32,lb,published
2010-02,ground_beef,APU0300703112,2.315,lb,published
2010-03,ground_beef,APU0300703112,2.26,lb,published
2010-04,ground_beef,APU0300703112,2.446,lb,published
2010-05,ground_beef,APU0300703112,2.482,lb,published
2010-06,ground_beef,APU0300703112,2.442,lb,published
2010-07,ground_beef,APU0300703112,2.516,lb,published
2010-08,ground_beef,APU0300703112,2.54,lb,published
2010-09,ground_beef,APU0300703112,2.341,lb,published
2010-10,ground_beef,APU0300703112,2.414,lb,published
2010-11,ground_beef,APU0300703112,2.289,lb,published
2010-12,ground_beef,APU0300703112,2.275,lb,published
2011-01,ground_beef,APU0300703112,2.534,lb,published
2011-02,ground_beef,APU0300703112,2.736,lb,published
2011-03,ground_beef,APU0300703112,2.727,lb,published
2011-04,ground_beef,APU0300703112,2.845,lb,published
2011-05,ground_beef,APU0300703112,2.852,lb,published
2011-06,ground_beef,APU0300703112,2.84,lb,published
2011-07,ground_beef,APU0300703112,2.932,lb,published
2011-08,ground_beef,APU0300703112,2.846,lb,published
2011-09,ground_beef,APU0300703112,2.894,lb,published
2011-10,ground_beef,APU0300703112,2.86,lb,published
2011-11,ground_beef,APU0300703112,2.902,lb,published
2011-12,ground_beef,APU0300703112,2.868,lb,published
2012-01,ground_beef,APU0300703112,3.003,lb,published
2012-02,ground_beef,APU0300703112,2.935,lb,published
2012-03,ground_beef,APU0300703112,3.093,lb,published
2012-04,ground_beef,APU0300703112,3.021,lb,published
2012-05,ground_beef,APU0300703112,3.097,lb,published
2012-06,ground_beef,APU0300703112,3.097,lb,published
2012-07,ground_beef,APU0300703112,3.121,lb,published
2012-08,ground_beef,APU0300703112,2.951,lb,published
2012-09,ground_beef,APU0300703112,3.05,lb,published
2012-10,ground_beef,APU0300703112,3.12787,lb,imputed_basket
2012-11,ground_beef,APU0300703112,3.083,lb,published
2012-12,ground_beef,APU0300703112,2.828,lb,published
2013-01,ground_beef,APU0300703112,3.145,lb,published
2013-02,ground_beef,APU0300703112,3.142,lb,published
2013-03,ground_beef,APU0300703112,3.073,lb,published
2013-04,ground_beef,APU0300703112,3.067,lb,published
2013-05,ground_beef,APU0300703112,3.206,lb,published
2013-06,ground_beef,APU0300703112,3.281,lb,published
2013-07,ground_beef,APU0300703112,3.254,lb,published
2013-08,ground_beef,APU0300703112,3.352,lb,published
2013-09,ground_beef,APU0300703112,3.426,lb,published
2013-10,ground_beef,APU0300703112,3.274,lb,published
2013-11,ground_beef,APU0300703112,3.352,lb,published
2013-12,ground_beef,APU0300703112,3.368,lb,published
2014-01,ground_beef,APU0300703112,3.372,lb,published
2014-02,ground_beef,APU0300703112,3.445,lb,published
2014-03,ground_beef,APU0300703112,3.613,lb,published
2014-04,ground_beef,APU0300703112,3.693,lb,published
2014-05,ground_beef,APU0300703112,3.729,lb,published
2014-06,ground_beef,APU0300703112,3.809,lb,published
2014-07,ground_beef,APU0300703112,3.785,lb,published
2014-08,ground_beef,APU0300703112,3.887,lb,published
2014-09,ground_beef,APU0300703112,3.957,lb,published
2014-10,ground_beef,APU0300703112,4.049,lb,published
2014-11,ground_beef,APU0300703112,4.08,lb,published
2014-12,ground_beef,APU0300703112,4.046,lb,published
2015-01,ground_beef,APU0300703112,4.221,lb,published
2015-02,ground_beef,APU0300703112,4.275,lb,published
2015-03,ground_beef,APU0300703112,4.14,lb,published
2015-04,ground_beef,APU0300703112,4.149,lb,published
2015-05,ground_beef,APU0300703112,4.063,lb,published
2015-06,ground_beef,APU0300703112,3.996,lb,published
2015-07,ground_beef,APU0300703112,4.105,lb,published
2015-08,ground_beef,APU0300703112,4.006,lb,published
2015-09,ground_beef,APU0300703112,4.0,lb,published
2015-10,ground_beef,APU0300703112,3.952,lb,published
2015-11,ground_beef,APU0300703112,3.872,lb,published
2015-12,ground_beef,APU0300703112,3.871,lb,published
2016-01,ground_beef,APU0300703112,3.72,lb,published
2016-02,ground_beef,APU0300703112,3.772,lb,published
2016-03,ground_beef,APU0300703112,3.722,lb,published
2016-04,ground_beef,APU0300703112,3.568,lb,published
2016-05,ground_beef,APU0300703112,3.628,lb,published
2016-06,ground_beef,APU0300703112,3.474,lb,published
2016-07,ground_beef,APU0300703112,3.387,lb,published
2016-08,ground_beef,APU0300703112,3.48,lb,published
2016-09,ground_beef,APU0300703112,3.488,lb,published
2016-10,ground_beef,APU0300703112,3.526,lb,published
2016-11,ground_beef,APU0300703112,3.408,lb,published
2016-12,ground_beef,APU0300703112,3.349,lb,published
2017-01,ground_beef,APU0300703112,3.357,lb,published
2017-02,ground_beef,APU0300703112,3.349,lb,published
2017-03,ground_beef,APU0300703112,3.38,lb,published
2017-04,ground_beef,APU0300703112,3.477,lb,published
2017-05,ground_beef,APU0300703112,3.452,lb,published
2017-06,ground_beef,APU0300703112,3.632,lb,published
2017-07,ground_beef,APU0300703112,3.634,lb,published
2017-08,ground_beef,APU0300703112,3.642,lb,published
2017-09,ground_beef,APU0300703112,3.601,lb,published
2017-10,ground_beef,APU0300703112,3.438,lb,published
2017-11,ground_beef,APU0300703112,3.371,lb,published
2017-12,ground_beef,APU0300703112,3.442,lb,published
2018-01,ground_beef,APU0300703112,3.239,lb,published
2018-02,ground_beef,APU0300703112,3.388,lb,published
2018-03,ground_beef,APU0300703112,3.35,lb,published
2018-04,ground_beef,APU0300703112,3.404,lb,published
2018-05,ground_beef,APU0300703112,3.331,lb,published
2018-06,ground_beef,APU0300703112,3.389,lb,published
2018-07,ground_beef,APU0300703112,3.411,lb,published
2018-08,ground_beef,APU0300703112,3.366,lb,published
2018-09,ground_beef,APU0300703112,3.357,lb,published
2018-10,ground_beef,APU0300703112,3.26,lb,published
2018-11,ground_beef,APU0300703112,3.335,lb,published
2018-12,ground_beef,APU0300703112,3.292,lb,published
2019-01,ground_beef,APU0300703112,3.292,lb,published
2019-02,ground_beef,APU0300703112,3.247,lb,published
2019-03,ground_beef,APU0300703112,3.328,lb,published
2019-04,ground_beef,APU0300703112,3.267,lb,published
2019-05,ground_beef,APU0300703112,3.389,lb,published
2019-06,ground_beef,APU0300703112,3.453,lb,published
2019-07,ground_beef,APU0300703112,3.458,lb,published
2019-08,ground_beef,APU0300703112,3.472,lb,published
2019-09,ground_beef,APU0300703112,3.513,lb,published
2019-10,ground_beef,APU0300703112,3.509,lb,published
2019-11,ground_beef,APU0300703112,3.634,lb,published
2019-12,ground_beef,APU0300703112,3.851,lb,published
2020-01,ground_beef,APU0300703112,3.818,lb,published
2020-02,ground_beef,APU0300703112,3.706,lb,published
2020-03,ground_beef,APU0300703112,3.774,lb,published
2020-04,ground_beef,APU0300703112,3.816,lb,published
2020-05,ground_beef,APU0300703112,4.225,lb,published
2020-06,ground_beef,APU0300703112,4.513,lb,published
2020-07,ground_beef,APU0300703112,4.02,lb,published
2020-08,ground_beef,APU0300703112,4.04,lb,published
2020-09,ground_beef,APU0300703112,3.808,lb,published
2020-10,ground_beef,APU0300703112,3.801,lb,published
2020-11,ground_beef,APU0300703112,3.793,lb,published
2020-12,ground_beef,APU0300703112,3.817,lb,published
2021-01,ground_beef,APU0300703112,3.815,lb,published
2021-02,ground_beef,APU0300703112,3.821,lb,published
2021-03,ground_beef,APU0300703112,3.859,lb,published
2021-04,ground_beef,APU0300703112,3.946,lb,published
2021-05,ground_beef,APU0300703112,4.174,lb,published
2021-06,ground_beef,APU0300703112,4.347,lb,published
2021-07,ground_beef,APU0300703112,4.235,lb,published
2021-08,ground_beef,APU0300703112,4.257,lb,published
2021-09,ground_beef,APU0300703112,4.276,lb,published
2021-10,ground_beef,APU0300703112,4.543,lb,published
2021-11,ground_beef,APU0300703112,4.483,lb,published
2021-12,ground_beef,APU0300703112,4.363,lb,published
2022-01,ground_beef,APU0300703112,4.389,lb,published
2022-02,ground_beef,APU0300703112,4.344,lb,published
2022-03,ground_beef,APU0300703112,4.487,lb,published
2022-04,ground_beef,APU0300703112,4.76,lb,published
2022-05,ground_beef,APU0300703112,4.664,lb,published
2022-06,ground_beef,APU0300703112,4.694,lb,published
2022-07,ground_beef,APU0300703112,4.706,lb,published
2022-08,ground_beef,APU0300703112,4.725,lb,published
2022-09,ground_beef,APU0300703112,4.709,lb,published
2022-10,ground_beef,APU0300703112,4.704,lb,published
2022-11,ground_beef,APU0300703112,4.712,lb,published
2022-12,ground_beef,APU0300703112,4.618,lb,published
2023-01,ground_beef,APU0300703112,4.535,lb,published
2023-02,ground_beef,APU0300703112,4.528,lb,published
2023-03,ground_beef,APU0300703112,4.513,lb,published
2023-04,ground_beef,APU0300703112,4.487,lb,published
2023-05,ground_beef,APU0300703112,4.692,lb,published
2023-06,ground_beef,APU0300703112,4.708,lb,published
2023-07,ground_beef,APU0300703112,4.818,lb,published
2023-08,ground_beef,APU0300703112,4.794,lb,published
2023-09,ground_beef,APU0300703112,4.79,lb,published
2023-10,ground_beef,APU0300703112,5.104,lb,published
2023-11,ground_beef,APU0300703112,5.018,lb,published
2023-12,ground_beef,APU0300703112,4.826,lb,published
2024-01,ground_beef,APU0300703112,4.774,lb,published
2024-02,ground_beef,APU0300703112,4.699,lb,published
2024-03,ground_beef,APU0300703112,4.841,lb,published
2024-04,ground_beef,APU0300703112,4.97,lb,published
2024-05,ground_beef,APU0300703112,4.798,lb,published
2024-06,ground_beef,APU0300703112,4.967,lb,published
2024-07,ground_beef,APU0300703112,5.013,lb,published
2024-08,ground_beef,APU0300703112,5.096,lb,published
2024-09,ground_beef,APU0300703112,5.088,lb,published
2024-10,ground_beef,APU0300703112,5.157,lb,published
2024-11,ground_beef,APU0300703112,5.164,lb,published
2024-12,ground_beef,APU0300703112,5.122,lb,published
2025-01,ground_beef,APU0300703112,5.096,lb,published
2025-02,ground_beef,APU0300703112,5.147,lb,published
2025-03,ground_beef,APU0300703112,5.275,lb,published
2025-04,ground_beef,APU0300703112,5.353,lb,published
2025-05,ground_beef,APU0300703112,5.502,lb,published
2025-06,ground_beef,APU0300703112,5.574,lb,published
2025-07,ground_beef,APU0300703112,5.874,lb,published
2025-08,ground_beef,APU0300703112,5.959,lb,published
2025-09,ground_beef,APU0300703112,5.949,lb,published
2025-10,ground_beef,APU0300703112,5.949,lb,carried
2025-11,ground_beef,APU0300703112,6.31,lb,published
2025-12,ground_beef,APU0300703112,6.306,lb,published
2026-01,ground_beef,APU0300703112,6.426,lb,published
2026-02,ground_beef,APU0300703112,6.319,lb,published
2026-03,ground_beef,APU0300703112,6.403,lb,published
2026-04,ground_beef,APU0300703112,6.557,lb,published
2026-05,ground_beef,APU0300703112,6.559,lb,published
2026-06,ground_beef,APU0300703112,6.491,lb,published
2026-07,ground_beef,APU0300703112,6.449,lb,published
2026-08,ground_beef,APU0300703112,6.412,lb,published
2006-01,beef_sirloin,APU0300703613,7.434,lb,published
2006-02,beef_sirloin,APU0300703613,7.301,lb,published
2006-03,beef_sirloin,APU0300703613,7.271,lb,published
2006-04,beef_sirloin,APU0300703613,7.045,lb,published
2006-05,beef_sirloin,APU0300703613,7.444,lb,published
2006-06,beef_sirloin,APU0300703613,7.794,lb,published
2006-07,beef_sirloin,APU0300703613,7.453,lb,published
2006-08,beef_sirloin,APU0300703613,7.726,lb,published
2006-09,beef_sirloin,APU0300703613,7.407,lb,published
2006-10,beef_sirloin,APU0300703613,7.029,lb,published
2006-11,beef_sirloin,APU0300703613,6.431,lb,published
2006-12,beef_sirloin,APU0300703613,6.516,lb,published
2007-01,beef_sirloin,APU0300703613,6.568,lb,published
2007-02,beef_sirloin,APU0300703613,6.216,lb,published
2007-03,beef_sirloin,APU0300703613,6.555,lb,published
2007-04,beef_sirloin,APU0300703613,6.551,lb,published
2007-05,beef_sirloin,APU0300703613,6.518,lb,published
2007-06,beef_sirloin,APU0300703613,6.253,lb,published
2007-07,beef_sirloin,APU0300703613,5.103,lb,published
2007-08,beef_sirloin,APU0300703613,6.029,lb,published
2007-09,beef_sirloin,APU0300703613,6.238,lb,published
2007-10,beef_sirloin,APU0300703613,5.775,lb,published
2007-11,beef_sirloin,APU0300703613,6.022,lb,published
2007-12,beef_sirloin,APU0300703613,5.704,lb,published
2008-01,beef_sirloin,APU0300703613,5.678,lb,published
2008-02,beef_sirloin,APU0300703613,6.053,lb,published
2008-03,beef_sirloin,APU0300703613,6.011,lb,published
2008-04,beef_sirloin,APU0300703613,5.702,lb,published
2008-05,beef_sirloin,APU0300703613,6.036,lb,published
2008-06,beef_sirloin,APU0300703613,6.14,lb,published
2008-07,beef_sirloin,APU0300703613,5.844,lb,published
2008-08,beef_sirloin,APU0300703613,6.88,lb,published
2008-09,beef_sirloin,APU0300703613,6.337,lb,published
2008-10,beef_sirloin,APU0300703613,6.341,lb,published
2008-11,beef_sirloin,APU0300703613,5.833,lb,published
2008-12,beef_sirloin,APU0300703613,6.134,lb,published
2009-01,beef_sirloin,APU0300703613,5.857,lb,published
2009-02,beef_sirloin,APU0300703613,5.495,lb,published
2009-03,beef_sirloin,APU0300703613,5.673,lb,published
2009-04,beef_sirloin,APU0300703613,5.887,lb,published
2009-05,beef_sirloin,APU0300703613,6.3,lb,published
2009-06,beef_sirloin,APU0300703613,6.051,lb,published
2009-07,beef_sirloin,APU0300703613,5.637,lb,published
2009-08,beef_sirloin,APU0300703613,6.009,lb,published
2009-09,beef_sirloin,APU0300703613,5.728,lb,published
2009-10,beef_sirloin,APU0300703613,5.886,lb,published
2009-11,beef_sirloin,APU0300703613,5.672,lb,published
2009-12,beef_sirloin,APU0300703613,5.459,lb,published
2010-01,beef_sirloin,APU0300703613,5.133,lb,published
2010-02,beef_sirloin,APU0300703613,5.383,lb,published
2010-03,beef_sirloin,APU0300703613,5.551,lb,published
2010-04,beef_sirloin,APU0300703613,5.649,lb,published
2010-05,beef_sirloin,APU0300703613,6.2,lb,published
2010-06,beef_sirloin,APU0300703613,5.869,lb,published
2010-07,beef_sirloin,APU0300703613,5.161,lb,published
2010-08,beef_sirloin,APU0300703613,5.711,lb,published
2010-09,beef_sirloin,APU0300703613,5.882,lb,published
2010-10,beef_sirloin,APU0300703613,5.725,lb,published
2010-11,beef_sirloin,APU0300703613,6.516,lb,published
2010-12,beef_sirloin,APU0300703613,6.239,lb,published
2011-01,beef_sirloin,APU0300703613,6.843,lb,published
2011-02,beef_sirloin,APU0300703613,6.648,lb,published
2011-03,beef_sirloin,APU0300703613,7.064,lb,published
2011-04,beef_sirloin,APU0300703613,6.867,lb,published
2011-05,beef_sirloin,APU0300703613,6.606,lb,published
2011-06,beef_sirloin,APU0300703613,5.913,lb,published
2011-07,beef_sirloin,APU0300703613,6.059,lb,published
2011-08,beef_sirloin,APU0300703613,6.389,lb,published
2011-09,beef_sirloin,APU0300703613,6.229,lb,published
2011-10,beef_sirloin,APU0300703613,6.508,lb,published
2011-11,beef_sirloin,APU0300703613,6.202,lb,published
2011-12,beef_sirloin,APU0300703613,5.729,lb,published
2012-01,beef_sirloin,APU0300703613,6.354,lb,published
2012-02,beef_sirloin,APU0300703613,6.565,lb,published
2012-03,beef_sirloin,APU0300703613,6.446,lb,published
2012-04,beef_sirloin,APU0300703613,6.25,lb,published
2012-05,beef_sirloin,APU0300703613,6.613,lb,published
2012-06,beef_sirloin,APU0300703613,6.609,lb,published
2012-07,beef_sirloin,APU0300703613,6.728,lb,published
2012-08,beef_sirloin,APU0300703613,6.656,lb,published
2012-09,beef_sirloin,APU0300703613,6.625,lb,published
2012-10,beef_sirloin,APU0300703613,6.697,lb,published
2012-11,beef_sirloin,APU0300703613,6.854,lb,published
2012-12,beef_sirloin,APU0300703613,6.756,lb,published
2013-01,beef_sirloin,APU0300703613,6.998,lb,published
2013-02,beef_sirloin,APU0300703613,7.173,lb,published
2013-03,beef_sirloin,APU0300703613,6.817,lb,published
2013-04,beef_sirloin,APU0300703613,6.716,lb,published
2013-05,beef_sirloin,APU0300703613,6.597,lb,published
2013-06,beef_sirloin,APU0300703613,6.515,lb,published
2013-07,beef_sirloin,APU0300703613,6.928,lb,published
2013-08,beef_sirloin,APU0300703613,6.773,lb,published
2013-09,beef_sirloin,APU0300703613,7.059,lb,published
2013-10,beef_sirloin,APU0300703613,7.082,lb,published
2013-11,beef_sirloin,APU0300703613,6.974,lb,published
2013-12,beef_sirloin,APU0300703613,7.039,lb,published
2014-01,beef_sirloin,APU0300703613,6.988,lb,published
2014-02,beef_sirloin,APU0300703613,6.679,lb,published
2014-03,beef_sirloin,APU0300703613,6.76,lb,published
2014-04,beef_sirloin,APU0300703613,7.328,lb,published
2014-05,beef_sirloin,APU0300703613,7.179,lb,published
2014-06,beef_sirloin,APU0300703613,7.64,lb,published
2014-07,beef_sirloin,APU0300703613,7.91,lb,published
2014-08,beef_sirloin,APU0300703613,8.196,lb,published
2014-09,beef_sirloin,APU0300703613,7.95,lb,published
2014-10,beef_sirloin,APU0300703613,7.854,lb,published
2014-11,beef_sirloin,APU0300703613,8.04,lb,published
2014-12,beef_sirloin,APU0300703613,7.772,lb,published
2015-01,beef_sirloin,APU0300703613,7.495,lb,published
2015-02,beef_sirloin,APU0300703613,7.805,lb,published
2015-03,beef_sirloin,APU0300703613,8.138,lb,published
2015-04,beef_sirloin,APU0300703613,8.243,lb,published
2015-05,beef_sirloin,APU0300703613,8.191,lb,published
2015-06,beef_sirloin,APU0300703613,8.665,lb,published
2015-07,beef_sirloin,APU0300703613,8.413,lb,published
2015-08,beef_sirloin,APU0300703613,8.484,lb,published
2015-09,beef_sirloin,APU0300703613,8.603,lb,published
2015-10,beef_sirloin,APU0300703613,8.435,lb,published
2015-11,beef_sirloin,APU0300703613,8.335,lb,published
2015-12,beef_sirloin,APU0300703613,7.97,lb,published
2016-01,beef_sirloin,APU0300703613,7.927,lb,published
2016-02,beef_sirloin,APU0300703613,7.661,lb,published
2016-03,beef_sirloin,APU0300703613,8.151,lb,published
2016-04,beef_sirloin,APU0300703613,8.4,lb,published
2016-05,beef_sirloin,APU0300703613,8.497,lb,published
2016-06,beef_sirloin,APU0300703613,8.329,lb,published
2016-07,beef_sirloin,APU0300703613,8.329,lb,published
2016-08,beef_sirloin,APU0300703613,8.485,lb,published
2016-09,beef_sirloin,APU0300703613,8.728,lb,published
2016-10,beef_sirloin,APU0300703613,8.109,lb,published
2016-11,beef_sirloin,APU0300703613,8.13,lb,published
2016-12,beef_sirloin,APU0300703613,7.774,lb,published
2017-01,beef_sirloin,APU0300703613,7.677,lb,published
2017-02,beef_sirloin,APU0300703613,7.893,lb,published
2017-03,beef_sirloin,APU0300703613,7.858,lb,published
2017-04,beef_sirloin,APU0300703613,8.159,lb,published
2017-05,beef_sirloin,APU0300703613,7.772,lb,published
2017-06,beef_sirloin,APU0300703613,8.468,lb,published
2017-07,beef_sirloin,APU0300703613,8.324,lb,published
2017-08,beef_sirloin,APU0300703613,7.995,lb,published
2017-09,beef_sirloin,APU0300703613,8.082,lb,published
2017-10,beef_sirloin,APU0300703613,8.224,lb,published
2017-11,beef_sirloin,APU0300703613,8.186,lb,published
2017-12,beef_sirloin,APU0300703613,8.045,lb,published
2018-01,beef_sirloin,APU0300703613,7.818,lb,published
2018-02,beef_sirloin,APU0300703613,7.909,lb,published
2018-03,beef_sirloin,APU0300703613,7.969,lb,published
2018-04,beef_sirloin,APU0300703613,8.156,lb,published
2018-05,beef_sirloin,APU0300703613,7.931,lb,published
2018-06,beef_sirloin,APU0300703613,8.229,lb,published
2018-07,beef_sirloin,APU0300703613,8.42,lb,published
2018-08,beef_sirloin,APU0300703613,8.159,lb,published
2018-09,beef_sirloin,APU0300703613,8.579,lb,published
2018-10,beef_sirloin,APU0300703613,7.839,lb,published
2018-11,beef_sirloin,APU0300703613,7.756,lb,published
2018-12,beef_sirloin,APU0300703613,7.945,lb,published
2019-01,beef_sirloin,APU0300703613,7.979,lb,published
2019-02,beef_sirloin,APU0300703613,8.167,lb,published
2019-03,beef_sirloin,APU0300703613,8.104,lb,published
2019-04,beef_sirloin,APU0300703613,8.32,lb,published
2019-05,beef_sirloin,APU0300703613,8.124,lb,published
2019-06,beef_sirloin,APU0300703613,8.038,lb,published
2019-07,beef_sirloin,APU0300703613,8.169,lb,published
2019-08,beef_sirloin,APU0300703613,7.986,lb,published
2019-09,beef_sirloin,APU0300703613,7.896,lb,published
2019-10,beef_sirloin,APU0300703613,8.36,lb,published
2019-11,beef_sirloin,APU0300703613,8.133,lb,published
2019-12,beef_sirloin,APU0300703613,8.305,lb,published
2020-01,beef_sirloin,APU0300703613,8.305,lb,published
2020-02,beef_sirloin,APU0300703613,8.07,lb,published
2020-03,beef_sirloin,APU0300703613,7.898,lb,published
2020-04,beef_sirloin,APU0300703613,8.482,lb,published
2020-05,beef_sirloin,APU0300703613,9.259,lb,published
2020-06,beef_sirloin,APU0300703613,10.061,lb,published
2020-07,beef_sirloin,APU0300703613,9.165,lb,published
2020-08,beef_sirloin,APU0300703613,8.386,lb,published
2020-09,beef_sirloin,APU0300703613,8.183,lb,published
2020-10,beef_sirloin,APU0300703613,8.901,lb,published
2020-11,beef_sirloin,APU0300703613,8.506,lb,published
2020-12,beef_sirloin,APU0300703613,8.657,lb,published
2021-01,beef_sirloin,APU0300703613,8.835,lb,published
2021-02,beef_sirloin,APU0300703613,8.406,lb,published
2021-03,beef_sirloin,APU0300703613,8.545,lb,published
2021-04,beef_sirloin,APU0300703613,8.929,lb,published
2021-05,beef_sirloin,APU0300703613,9.602,lb,published
2021-06,beef_sirloin,APU0300703613,10.189,lb,published
2021-07,beef_sirloin,APU0300703613,9.995,lb,published
2021-08,beef_sirloin,APU0300703613,9.743,lb,published
2021-09,beef_sirloin,APU0300703613,10.322,lb,published
2021-10,beef_sirloin,APU0300703613,10.434,lb,published
2021-11,beef_sirloin,APU0300703613,10.455,lb,published
2021-12,beef_sirloin,APU0300703613,9.975,lb,published
2022-01,beef_sirloin,APU0300703613,9.835,lb,published
2022-02,beef_sirloin,APU0300703613,9.724,lb,published
2022-03,beef_sirloin,APU0300703613,9.666,lb,published
2022-04,beef_sirloin,APU0300703613,9.567,lb,published
2022-05,beef_sirloin,APU0300703613,9.671,lb,published
2022-06,beef_sirloin,APU0300703613,9.756,lb,published
2022-07,beef_sirloin,APU0300703613,9.719,lb,published
2022-08,beef_sirloin,APU0300703613,9.662,lb,published
2022-09,beef_sirloin,APU0300703613,9.552,lb,published
2022-10,beef_sirloin,APU0300703613,9.607,lb,published
2022-11,beef_sirloin,APU0300703613,9.387,lb,published
2022-12,beef_sirloin,APU0300703613,9.194,lb,published
2023-01,beef_sirloin,APU0300703613,9.354,lb,published
2023-02,beef_sirloin,APU0300703613,9.577,lb,published
2023-03,beef_sirloin,APU0300703613,9.533,lb,published
2023-04,beef_sirloin,APU0300703613,9.901,lb,published
2023-05,beef_sirloin,APU0300703613,10.035,lb,published
2023-06,beef_sirloin,APU0300703613,10.454,lb,published
2023-07,beef_sirloin,APU0300703613,10.645,lb,published
2023-08,beef_sirloin,APU0300703613,10.373,lb,published
2023-09,beef_sirloin,APU0300703613,10.679,lb,published
2023-10,beef_sirloin,APU0300703613,11.073,lb,published
2023-11,beef_sirloin,APU0300703613,11.189,lb,published
2023-12,beef_sirloin,APU0300703613,10.676,lb,published
2024-01,beef_sirloin,APU0300703613,10.871,lb,published
2024-02,beef_sirloin,APU0300703613,10.824,lb,published
2024-03,beef_sirloin,APU0300703613,10.858,lb,published
2024-04,beef_sirloin,APU0300703613,10.783,lb,published
2024-05,beef_sirloin,APU0300703613,10.84,lb,published
2024-06,beef_sirloin,APU0300703613,10.748,lb,published
2024-07,beef_sirloin,APU0300703613,11.167,lb,published
2024-08,beef_sirloin,APU0300703613,11.123,lb,published
2024-09,beef_sirloin,APU0300703613,10.923,lb,published
2024-10,beef_sirloin,APU0300703613,10.984,lb,published
2024-11,beef_sirloin,APU0300703613,11.304,lb,published
2024-12,beef_sirloin,APU0300703613,11.055,lb,published
2025-01,beef_sirloin,APU0300703613,11.091,lb,published
2025-02,beef_sirloin,APU0300703613,11.064,lb,published
2025-03,beef_sirloin,APU0300703613,11.129,lb,published
2025-04,beef_sirloin,APU0300703613,11.528,lb,published
2025-05,beef_sirloin,APU0300703613,11.759,lb,published
2025-06,beef_sirloin,APU0300703613,12.544,lb,published
2025-07,beef_sirloin,APU0300703613,12.833,lb,published
2025-08,beef_sirloin,APU0300703613,13.519,lb,published
2025-09,beef_sirloin,APU0300703613,13.64,lb,published
2025-10,beef_sirloin,APU0300703613,13.64,lb,carried
2025-11,beef_sirloin,APU0300703613,13.306,lb,published
2025-12,beef_sirloin,APU0300703613,13.263,lb,published
2026-01,beef_sirloin,APU0300703613,13.24,lb,published
2026-02,beef_sirloin,APU0300703613,13.641,lb,published
2026-03,beef_sirloin,APU0300703613,13.724,lb,published
2026-04,beef_sirloin,APU0300703613,14.65,lb,published
2026-05,beef_sirloin,APU0300703613,14.479,lb,published
2026-06,beef_sirloin,APU0300703613,14.291,lb,published
2026-07,beef_sirloin,APU0300703613,14.179,lb,published
2026-08,beef_sirloin,APU0300703613,13.733,lb,published
2006-01,bacon,APU0300704111,0.21831,oz,published
2006-02,bacon,APU0300704111,0.22462,oz,published
2006-03,bacon,APU0300704111,0.22531,oz,published
2006-04,bacon,APU0300704111,0.20137,oz,published
2006-05,bacon,APU0300704111,0.20819,oz,published
2006-06,bacon,APU0300704111,0.21006,oz,published
2006-07,bacon,APU0300704111,0.21494,oz,published
2006-08,bacon,APU0300704111,0.24338,oz,published
2006-09,bacon,APU0300704111,0.24131,oz,published
2006-10,bacon,APU0300704111,0.24525,oz,published
2006-11,bacon,APU0300704111,0.214,oz,published
2006-12,bacon,APU0300704111,0.23831,oz,published
2007-01,bacon,APU0300704111,0.23456,oz,published
2007-02,bacon,APU0300704111,0.2395,oz,published
2007-03,bacon,APU0300704111,0.22425,oz,published
2007-04,bacon,APU0300704111,0.23425,oz,published
2007-05,bacon,APU0300704111,0.23387,oz,published
2007-06,bacon,APU0300704111,0.22694,oz,published
2007-07,bacon,APU0300704111,0.24038,oz,published
2007-08,bacon,APU0300704111,0.23644,oz,published
2007-09,bacon,APU0300704111,0.24569,oz,published
2007-10,bacon,APU0300704111,0.23644,oz,published
2007-11,bacon,APU0300704111,0.21875,oz,published
2007-12,bacon,APU0300704111,0.22694,oz,published
2008-01,bacon,APU0300704111,0.22356,oz,published
2008-02,bacon,APU0300704111,0.22375,oz,published
2008-03,bacon,APU0300704111,0.22869,oz,published
2008-04,bacon,APU0300704111,0.21269,oz,published
2008-05,bacon,APU0300704111,0.21619,oz,published
2008-06,bacon,APU0300704111,0.20906,oz,published
2008-07,bacon,APU0300704111,0.21413,oz,published
2008-08,bacon,APU0300704111,0.21813,oz,published
2008-09,bacon,APU0300704111,0.21394,oz,published
2008-10,bacon,APU0300704111,0.211,oz,published
2008-11,bacon,APU0300704111,0.211,oz,published
2008-12,bacon,APU0300704111,0.2045,oz,published
2009-01,bacon,APU0300704111,0.21075,oz,published
2009-02,bacon,APU0300704111,0.20556,oz,published
2009-03,bacon,APU0300704111,0.20706,oz,published
2009-04,bacon,APU0300704111,0.207,oz,published
2009-05,bacon,APU0300704111,0.21931,oz,published
2009-06,bacon,APU0300704111,0.2168,oz,imputed_us
2009-07,bacon,APU0300704111,0.21794,oz,imputed_us
2009-08,bacon,APU0300704111,0.20175,oz,published
2009-09,bacon,APU0300704111,0.20006,oz,published
2009-10,bacon,APU0300704111,0.20212,oz,published
2009-11,bacon,APU0300704111,0.19981,oz,published
2009-12,bacon,APU0300704111,0.19544,oz,published
2010-01,bacon,APU0300704111,0.20913,oz,published
2010-02,bacon,APU0300704111,0.21256,oz,published
2010-03,bacon,APU0300704111,0.22481,oz,published
2010-04,bacon,APU0300704111,0.23519,oz,published
2010-05,bacon,APU0300704111,0.24163,oz,published
2010-06,bacon,APU0300704111,0.25419,oz,published
2010-07,bacon,APU0300704111,0.27187,oz,published
2010-08,bacon,APU0300704111,0.27075,oz,published
2010-09,bacon,APU0300704111,0.28619,oz,published
2010-10,bacon,APU0300704111,0.30875,oz,published
2010-11,bacon,APU0300704111,0.29213,oz,published
2010-12,bacon,APU0300704111,0.26925,oz,published
2011-01,bacon,APU0300704111,0.26119,oz,published
2011-02,bacon,APU0300704111,0.26706,oz,published
2011-03,bacon,APU0300704111,0.27513,oz,published
2011-04,bacon,APU0300704111,0.28437,oz,published
2011-05,bacon,APU0300704111,0.29306,oz,published
2011-06,bacon,APU0300704111,0.28987,oz,published
2011-07,bacon,APU0300704111,0.28963,oz,published
2011-08,bacon,APU0300704111,0.29237,oz,published
2011-09,bacon,APU0300704111,0.28256,oz,published
2011-10,bacon,APU0300704111,0.26713,oz,published
2011-11,bacon,APU0300704111,0.27156,oz,published
2011-12,bacon,APU0300704111,0.25569,oz,published
2012-01,bacon,APU0300704111,0.26637,oz,published
2012-02,bacon,APU0300704111,0.26713,oz,published
2012-03,bacon,APU0300704111,0.265,oz,published
2012-04,bacon,APU0300704111,0.261,oz,published
2012-05,bacon,APU0300704111,0.25088,oz,published
2012-06,bacon,APU0300704111,0.24413,oz,published
2012-07,bacon,APU0300704111,0.248,oz,published
2012-08,bacon,APU0300704111,0.26531,oz,published
2012-09,bacon,APU0300704111,0.27044,oz,published
2012-10,bacon,APU0300704111,0.26837,oz,published
2012-11,bacon,APU0300704111,0.26312,oz,published
2012-12,bacon,APU0300704111,0.26175,oz,published
2013-01,bacon,APU0300704111,0.2635,oz,published
2013-02,bacon,APU0300704111,0.27281,oz,published
2013-03,bacon,APU0300704111,0.28531,oz,published
2013-04,bacon,APU0300704111,0.28156,oz,published
2013-05,bacon,APU0300704111,0.31169,oz,published
2013-06,bacon,APU0300704111,0.32719,oz,published
2013-07,bacon,APU0300704111,0.34325,oz,published
2013-08,bacon,APU0300704111,0.35113,oz,published
2013-09,bacon,APU0300704111,0.35725,oz,published
2013-10,bacon,APU0300704111,0.36169,oz,published
2013-11,bacon,APU0300704111,0.36169,oz,published
2013-12,bacon,APU0300704111,0.35606,oz,published
2014-01,bacon,APU0300704111,0.34875,oz,published
2014-02,bacon,APU0300704111,0.34031,oz,published
2014-03,bacon,APU0300704111,0.34031,oz,published
2014-04,bacon,APU0300704111,0.36175,oz,published
2014-05,bacon,APU0300704111,0.37944,oz,published
2014-06,bacon,APU0300704111,0.38569,oz,published
2014-07,bacon,APU0300704111,0.37194,oz,published
2014-08,bacon,APU0300704111,0.3805,oz,published
2014-09,bacon,APU0300704111,0.36938,oz,published
2014-10,bacon,APU0300704111,0.35875,oz,published
2014-11,bacon,APU0300704111,0.34956,oz,published
2014-12,bacon,APU0300704111,0.35656,oz,published
2015-01,bacon,APU0300704111,0.36481,oz,published
2015-02,bacon,APU0300704111,0.35487,oz,published
2015-03,bacon,APU0300704111,0.35163,oz,published
2015-04,bacon,APU0300704111,0.33813,oz,published
2015-05,bacon,APU0300704111,0.31994,oz,published
2015-06,bacon,APU0300704111,0.33863,oz,published
2015-07,bacon,APU0300704111,0.34063,oz,published
2015-08,bacon,APU0300704111,0.3575,oz,published
2015-09,bacon,APU0300704111,0.38212,oz,published
2015-10,bacon,APU0300704111,0.38206,oz,published
2015-11,bacon,APU0300704111,0.37438,oz,published
2015-12,bacon,APU0300704111,0.35988,oz,published
2016-01,bacon,APU0300704111,0.35931,oz,published
2016-02,bacon,APU0300704111,0.34737,oz,published
2016-03,bacon,APU0300704111,0.35031,oz,published
2016-04,bacon,APU0300704111,0.359,oz,published
2016-05,bacon,APU0300704111,0.36188,oz,published
2016-06,bacon,APU0300704111,0.3475,oz,published
2016-07,bacon,APU0300704111,0.35606,oz,published
2016-08,bacon,APU0300704111,0.35781,oz,published
2016-09,bacon,APU0300704111,0.36262,oz,published
2016-10,bacon,APU0300704111,0.35294,oz,published
2016-11,bacon,APU0300704111,0.3375,oz,published
2016-12,bacon,APU0300704111,0.332,oz,published
2017-01,bacon,APU0300704111,0.33806,oz,published
2017-02,bacon,APU0300704111,0.35394,oz,published
2017-03,bacon,APU0300704111,0.36838,oz,published
2017-04,bacon,APU0300704111,0.37738,oz,published
2017-05,bacon,APU0300704111,0.38288,oz,published
2017-06,bacon,APU0300704111,0.3655,oz,published
2017-07,bacon,APU0300704111,0.37994,oz,published
2017-08,bacon,APU0300704111,0.42156,oz,published
2017-09,bacon,APU0300704111,0.41569,oz,published
2017-10,bacon,APU0300704111,0.39787,oz,published
2017-11,bacon,APU0300704111,0.36681,oz,published
2017-12,bacon,APU0300704111,0.36394,oz,published
2018-01,bacon,APU0300704111,0.3635,oz,published
2018-02,bacon,APU0300704111,0.35469,oz,published
2018-03,bacon,APU0300704111,0.34969,oz,published
2018-04,bacon,APU0300704111,0.3435,oz,published
2018-05,bacon,APU0300704111,0.35769,oz,published
2018-06,bacon,APU0300704111,0.33794,oz,published
2018-07,bacon,APU0300704111,0.34681,oz,published
2018-08,bacon,APU0300704111,0.36238,oz,published
2018-09,bacon,APU0300704111,0.35256,oz,published
2018-10,bacon,APU0300704111,0.37144,oz,published
2018-11,bacon,APU0300704111,0.34763,oz,published
2018-12,bacon,APU0300704111,0.36619,oz,published
2019-01,bacon,APU0300704111,0.36194,oz,published
2019-02,bacon,APU0300704111,0.36725,oz,published
2019-03,bacon,APU0300704111,0.3675,oz,published
2019-04,bacon,APU0300704111,0.36994,oz,published
2019-05,bacon,APU0300704111,0.38406,oz,published
2019-06,bacon,APU0300704111,0.38456,oz,published
2019-07,bacon,APU0300704111,0.38531,oz,published
2019-08,bacon,APU0300704111,0.36106,oz,published
2019-09,bacon,APU0300704111,0.37025,oz,published
2019-10,bacon,APU0300704111,0.36269,oz,published
2019-11,bacon,APU0300704111,0.34594,oz,published
2019-12,bacon,APU0300704111,0.34063,oz,published
2020-01,bacon,APU0300704111,0.35106,oz,published
2020-02,bacon,APU0300704111,0.34731,oz,published
2020-03,bacon,APU0300704111,0.333,oz,published
2020-04,bacon,APU0300704111,0.33875,oz,published
2020-05,bacon,APU0300704111,0.33331,oz,published
2020-06,bacon,APU0300704111,0.36575,oz,published
2020-07,bacon,APU0300704111,0.366,oz,published
2020-08,bacon,APU0300704111,0.34,oz,published
2020-09,bacon,APU0300704111,0.3505,oz,published
2020-10,bacon,APU0300704111,0.36194,oz,published
2020-11,bacon,APU0300704111,0.36656,oz,published
2020-12,bacon,APU0300704111,0.36706,oz,published
2021-01,bacon,APU0300704111,0.36725,oz,published
2021-02,bacon,APU0300704111,0.36025,oz,published
2021-03,bacon,APU0300704111,0.36288,oz,published
2021-04,bacon,APU0300704111,0.38294,oz,published
2021-05,bacon,APU0300704111,0.39475,oz,published
2021-06,bacon,APU0300704111,0.42025,oz,published
2021-07,bacon,APU0300704111,0.42425,oz,published
2021-08,bacon,APU0300704111,0.44119,oz,published
2021-09,bacon,APU0300704111,0.44019,oz,published
2021-10,bacon,APU0300704111,0.45112,oz,published
2021-11,bacon,APU0300704111,0.44169,oz,published
2021-12,bacon,APU0300704111,0.44294,oz,published
2022-01,bacon,APU0300704111,0.43588,oz,published
2022-02,bacon,APU0300704111,0.42569,oz,published
2022-03,bacon,APU0300704111,0.42438,oz,published
2022-04,bacon,APU0300704111,0.44681,oz,published
2022-05,bacon,APU0300704111,0.43275,oz,published
2022-06,bacon,APU0300704111,0.43588,oz,published
2022-07,bacon,APU0300704111,0.43225,oz,published
2022-08,bacon,APU0300704111,0.42325,oz,published
2022-09,bacon,APU0300704111,0.43694,oz,published
2022-10,bacon,APU0300704111,0.43688,oz,published
2022-11,bacon,APU0300704111,0.42381,oz,published
2022-12,bacon,APU0300704111,0.403,oz,published
2023-01,bacon,APU0300704111,0.39494,oz,published
2023-02,bacon,APU0300704111,0.37294,oz,published
2023-03,bacon,APU0300704111,0.37806,oz,published
2023-04,bacon,APU0300704111,0.37188,oz,published
2023-05,bacon,APU0300704111,0.36231,oz,published
2023-06,bacon,APU0300704111,0.33875,oz,published
2023-07,bacon,APU0300704111,0.34719,oz,published
2023-08,bacon,APU0300704111,0.37825,oz,published
2023-09,bacon,APU0300704111,0.40925,oz,published
2023-10,bacon,APU0300704111,0.42712,oz,published
2023-11,bacon,APU0300704111,0.40263,oz,published
2023-12,bacon,APU0300704111,0.40175,oz,published
2024-01,bacon,APU0300704111,0.38081,oz,published
2024-02,bacon,APU0300704111,0.37712,oz,published
2024-03,bacon,APU0300704111,0.38131,oz,published
2024-04,bacon,APU0300704111,0.38338,oz,published
2024-05,bacon,APU0300704111,0.38544,oz,published
2024-06,bacon,APU0300704111,0.39713,oz,published
2024-07,bacon,APU0300704111,0.39831,oz,published
2024-08,bacon,APU0300704111,0.40431,oz,published
2024-09,bacon,APU0300704111,0.406,oz,published
2024-10,bacon,APU0300704111,0.40287,oz,published
2024-11,bacon,APU0300704111,0.40175,oz,published
2024-12,bacon,APU0300704111,0.40631,oz,published
2025-01,bacon,APU0300704111,0.41375,oz,published
2025-02,bacon,APU0300704111,0.39381,oz,published
2025-03,bacon,APU0300704111,0.41063,oz,published
2025-04,bacon,APU0300704111,0.40281,oz,published
2025-05,bacon,APU0300704111,0.40394,oz,published
2025-06,bacon,APU0300704111,0.41194,oz,published
2025-07,bacon,APU0300704111,0.40013,oz,published
2025-08,bacon,APU0300704111,0.4055,oz,published
2025-09,bacon,APU0300704111,0.40531,oz,published
2025-10,bacon,APU0300704111,0.40531,oz,carried
2025-11,bacon,APU0300704111,0.39719,oz,published
2025-12,bacon,APU0300704111,0.40037,oz,published
2026-01,bacon,APU0300704111,0.41156,oz,published
2026-02,bacon,APU0300704111,0.40119,oz,published
2026-03,bacon,APU0300704111,0.39287,oz,published
2026-04,bacon,APU0300704111,0.38306,oz,published
2026-05,bacon,APU0300704111,0.38519,oz,published
2026-06,bacon,APU0300704111,0.38862,oz,published
2026-07,bacon,APU0300704111,0.38644,oz,published
2026-08,bacon,APU0300704111,0.38094,oz,published
2006-01,pork_chops,APU0300704211,3.284,lb,published
2006-02,pork_chops,APU0300704211,3.315,lb,published
2006-03,pork_chops,APU0300704211,3.442,lb,published
2006-04,pork_chops,APU0300704211,3.248,lb,published
2006-05,pork_chops,APU0300704211,3.33,lb,published
2006-06,pork_chops,APU0300704211,3.137,lb,published
2006-07,pork_chops,APU0300704211,3.356,lb,published
2006-08,pork_chops,APU0300704211,3.29,lb,published
2006-09,pork_chops,APU0300704211,3.384,lb,published
2006-10,pork_chops,APU0300704211,3.321,lb,published
2006-11,pork_chops,APU0300704211,3.296,lb,published
2006-12,pork_chops,APU0300704211,3.198,lb,published
2007-01,pork_chops,APU0300704211,3.237,lb,published
2007-02,pork_chops,APU0300704211,3.315,lb,published
2007-03,pork_chops,APU0300704211,3.345,lb,published
2007-04,pork_chops,APU0300704211,3.347,lb,published
2007-05,pork_chops,APU0300704211,3.292,lb,published
2007-06,pork_chops,APU0300704211,3.321,lb,published
2007-07,pork_chops,APU0300704211,3.665,lb,published
2007-08,pork_chops,APU0300704211,3.633,lb,published
2007-09,pork_chops,APU0300704211,3.446,lb,published
2007-10,pork_chops,APU0300704211,3.419,lb,published
2007-11,pork_chops,APU0300704211,3.665,lb,published
2007-12,pork_chops,APU0300704211,3.63,lb,published
2008-01,pork_chops,APU0300704211,3.26,lb,published
2008-02,pork_chops,APU0300704211,3.574,lb,published
2008-03,pork_chops,APU0300704211,3.375,lb,published
2008-04,pork_chops,APU0300704211,3.473,lb,published
2008-05,pork_chops,APU0300704211,3.668,lb,published
2008-06,pork_chops,APU0300704211,3.547,lb,published
2008-07,pork_chops,APU0300704211,3.977,lb,published
2008-08,pork_chops,APU0300704211,3.661,lb,published
2008-09,pork_chops,APU0300704211,3.755,lb,published
2008-10,pork_chops,APU0300704211,3.852,lb,published
2008-11,pork_chops,APU0300704211,3.799,lb,published
2008-12,pork_chops,APU0300704211,3.782,lb,published
2009-01,pork_chops,APU0300704211,3.604,lb,published
2009-02,pork_chops,APU0300704211,3.56,lb,published
2009-03,pork_chops,APU0300704211,3.605,lb,published
2009-04,pork_chops,APU0300704211,3.451,lb,published
2009-05,pork_chops,APU0300704211,3.488,lb,published
2009-06,pork_chops,APU0300704211,3.541,lb,published
2009-07,pork_chops,APU0300704211,3.37,lb,published
2009-08,pork_chops,APU0300704211,3.554,lb,published
2009-09,pork_chops,APU0300704211,3.522,lb,published
2009-10,pork_chops,APU0300704211,3.35,lb,published
2009-11,pork_chops,APU0300704211,3.425,lb,published
2009-12,pork_chops,APU0300704211,3.56,lb,published
2010-01,pork_chops,APU0300704211,3.461,lb,published
2010-02,pork_chops,APU0300704211,3.608,lb,published
2010-03,pork_chops,APU0300704211,3.504,lb,published
2010-04,pork_chops,APU0300704211,3.436,lb,published
2010-05,pork_chops,APU0300704211,3.461,lb,published
2010-06,pork_chops,APU0300704211,3.545,lb,published
2010-07,pork_chops,APU0300704211,3.621,lb,published
2010-08,pork_chops,APU0300704211,3.696,lb,published
2010-09,pork_chops,APU0300704211,3.493,lb,published
2010-10,pork_chops,APU0300704211,3.662,lb,published
2010-11,pork_chops,APU0300704211,3.487,lb,published
2010-12,pork_chops,APU0300704211,3.612,lb,published
2011-01,pork_chops,APU0300704211,3.592,lb,published
2011-02,pork_chops,APU0300704211,3.737,lb,published
2011-03,pork_chops,APU0300704211,3.8,lb,published
2011-04,pork_chops,APU0300704211,3.837,lb,published
2011-05,pork_chops,APU0300704211,3.872,lb,published
2011-06,pork_chops,APU0300704211,3.766,lb,published
2011-07,pork_chops,APU0300704211,3.741,lb,published
2011-08,pork_chops,APU0300704211,3.89,lb,published
2011-09,pork_chops,APU0300704211,3.937,lb,published
2011-10,pork_chops,APU0300704211,3.879,lb,published
2011-11,pork_chops,APU0300704211,3.772,lb,published
2011-12,pork_chops,APU0300704211,3.666,lb,published
2012-01,pork_chops,APU0300704211,3.576,lb,published
2012-02,pork_chops,APU0300704211,3.594,lb,published
2012-03,pork_chops,APU0300704211,3.546,lb,published
2012-04,pork_chops,APU0300704211,3.583,lb,published
2012-05,pork_chops,APU0300704211,3.623,lb,published
2012-06,pork_chops,APU0300704211,3.694,lb,published
2012-07,pork_chops,APU0300704211,3.547,lb,published
2012-08,pork_chops,APU0300704211,3.615,lb,published
2012-09,pork_chops,APU0300704211,3.477,lb,published
2012-10,pork_chops,APU0300704211,3.54,lb,published
2012-11,pork_chops,APU0300704211,3.719,lb,published
2012-12,pork_chops,APU0300704211,3.606,lb,published
2013-01,pork_chops,APU0300704211,3.49,lb,published
2013-02,pork_chops,APU0300704211,3.586,lb,published
2013-03,pork_chops,APU0300704211,3.577,lb,published
2013-04,pork_chops,APU0300704211,3.589,lb,published
2013-05,pork_chops,APU0300704211,3.504,lb,published
2013-06,pork_chops,APU0300704211,3.699,lb,published
2013-07,pork_chops,APU0300704211,3.699,lb,published
2013-08,pork_chops,APU0300704211,3.695,lb,published
2013-09,pork_chops,APU0300704211,3.928,lb,published
2013-10,pork_chops,APU0300704211,3.965,lb,published
2013-11,pork_chops,APU0300704211,3.985,lb,published
2013-12,pork_chops,APU0300704211,4.018,lb,published
2014-01,pork_chops,APU0300704211,4.026,lb,published
2014-02,pork_chops,APU0300704211,3.881,lb,published
2014-03,pork_chops,APU0300704211,4.079,lb,published
2014-04,pork_chops,APU0300704211,4.337,lb,published
2014-05,pork_chops,APU0300704211,4.388,lb,published
2014-06,pork_chops,APU0300704211,4.257,lb,published
2014-07,pork_chops,APU0300704211,4.264,lb,published
2014-08,pork_chops,APU0300704211,4.309,lb,published
2014-09,pork_chops,APU0300704211,4.394,lb,published
2014-10,pork_chops,APU0300704211,4.343,lb,published
2014-11,pork_chops,APU0300704211,4.562,lb,published
2014-12,pork_chops,APU0300704211,4.262,lb,published
2015-01,pork_chops,APU0300704211,4.381,lb,published
2015-02,pork_chops,APU0300704211,4.16,lb,published
2015-03,pork_chops,APU0300704211,4.329,lb,published
2015-04,pork_chops,APU0300704211,4.243,lb,published
2015-05,pork_chops,APU0300704211,4.031,lb,published
2015-06,pork_chops,APU0300704211,4.293,lb,published
2015-07,pork_chops,APU0300704211,4.172,lb,published
2015-08,pork_chops,APU0300704211,4.083,lb,published
2015-09,pork_chops,APU0300704211,4.006,lb,published
2015-10,pork_chops,APU0300704211,4.096,lb,published
2015-11,pork_chops,APU0300704211,3.993,lb,published
2015-12,pork_chops,APU0300704211,3.912,lb,published
2016-01,pork_chops,APU0300704211,3.826,lb,published
2016-02,pork_chops,APU0300704211,3.767,lb,published
2016-03,pork_chops,APU0300704211,3.847,lb,published
2016-04,pork_chops,APU0300704211,4.092,lb,published
2016-05,pork_chops,APU0300704211,3.997,lb,published
2016-06,pork_chops,APU0300704211,4.014,lb,published
2016-07,pork_chops,APU0300704211,3.98,lb,published
2016-08,pork_chops,APU0300704211,3.869,lb,published
2016-09,pork_chops,APU0300704211,3.779,lb,published
2016-10,pork_chops,APU0300704211,3.80814,lb,imputed_us
2016-11,pork_chops,APU0300704211,3.59734,lb,imputed_us
2016-12,pork_chops,APU0300704211,3.52933,lb,imputed_us
2017-01,pork_chops,APU0300704211,3.53516,lb,imputed_us
2017-02,pork_chops,APU0300704211,3.52156,lb,imputed_us
2017-03,pork_chops,APU0300704211,3.59345,lb,imputed_us
2017-04,pork_chops,APU0300704211,3.53516,lb,imputed_us
2017-05,pork_chops,APU0300704211,3.63911,lb,imputed_us
2017-06,pork_chops,APU0300704211,3.52156,lb,imputed_us
2017-07,pork_chops,APU0300704211,3.68477,lb,imputed_us
2017-08,pork_chops,APU0300704211,3.65271,lb,imputed_us
2017-09,pork_chops,APU0300704211,3.78483,lb,imputed_us
2017-10,pork_chops,APU0300704211,3.60219,lb,imputed_us
2017-11,pork_chops,APU0300704211,3.75957,lb,imputed_us
2017-12,pork_chops,APU0300704211,3.70031,lb,imputed_us
2018-01,pork_chops,APU0300704211,3.70517,lb,imputed_us
2018-02,pork_chops,APU0300704211,3.61191,lb,imputed_us
2018-03,pork_chops,APU0300704211,3.59636,lb,imputed_us
2018-04,pork_chops,APU0300704211,3.88975,lb,imputed_us
2018-05,pork_chops,APU0300704211,3.71974,lb,imputed_us
2018-06,pork_chops,APU0300704211,3.70225,lb,imputed_us
2018-07,pork_chops,APU0300704211,3.45647,lb,imputed_us
2018-08,pork_chops,APU0300704211,3.73334,lb,imputed_us
2018-09,pork_chops,APU0300704211,3.6906,lb,imputed_us
2018-10,pork_chops,APU0300704211,3.77803,lb,imputed_us
2018-11,pork_chops,APU0300704211,3.62939,lb,imputed_us
2018-12,pork_chops,APU0300704211,3.83437,lb,imputed_us
2019-01,pork_chops,APU0300704211,3.47396,lb,imputed_us
2019-02,pork_chops,APU0300704211,3.74208,lb,imputed_us
2019-03,pork_chops,APU0300704211,3.54391,lb,imputed_us
2019-04,pork_chops,APU0300704211,3.67117,lb,imputed_us
2019-05,pork_chops,APU0300704211,3.90432,lb,imputed_us
2019-06,pork_chops,APU0300704211,3.962,lb,published
2019-07,pork_chops,APU0300704211,3.986,lb,published
2019-08,pork_chops,APU0300704211,4.122,lb,published
2019-09,pork_chops,APU0300704211,3.993,lb,published
2019-10,pork_chops,APU0300704211,3.923,lb,published
2019-11,pork_chops,APU0300704211,3.737,lb,published
2019-12,pork_chops,APU0300704211,3.734,lb,published
2020-01,pork_chops,APU0300704211,3.867,lb,published
2020-02,pork_chops,APU0300704211,3.804,lb,published
2020-03,pork_chops,APU0300704211,3.712,lb,published
2020-04,pork_chops,APU0300704211,4.131,lb,published
2020-05,pork_chops,APU0300704211,4.458,lb,published
2020-06,pork_chops,APU0300704211,4.69,lb,published
2020-07,pork_chops,APU0300704211,4.386,lb,published
2020-08,pork_chops,APU0300704211,4.114,lb,published
2020-09,pork_chops,APU0300704211,4.015,lb,published
2020-10,pork_chops,APU0300704211,3.794,lb,published
2020-11,pork_chops,APU0300704211,4.203,lb,published
2020-12,pork_chops,APU0300704211,4.409,lb,published
2021-01,pork_chops,APU0300704211,3.741,lb,published
2021-02,pork_chops,APU0300704211,3.821,lb,published
2021-03,pork_chops,APU0300704211,4.082,lb,published
2021-04,pork_chops,APU0300704211,4.272,lb,published
2021-05,pork_chops,APU0300704211,4.05,lb,published
2021-06,pork_chops,APU0300704211,4.361,lb,published
2021-07,pork_chops,APU0300704211,4.37,lb,published
2021-08,pork_chops,APU0300704211,4.404,lb,published
2021-09,pork_chops,APU0300704211,4.331,lb,published
2021-10,pork_chops,APU0300704211,4.497,lb,published
2021-11,pork_chops,APU0300704211,4.283,lb,published
2021-12,pork_chops,APU0300704211,4.201,lb,published
2022-01,pork_chops,APU0300704211,4.203,lb,published
2022-02,pork_chops,APU0300704211,4.132,lb,published
2022-03,pork_chops,APU0300704211,4.798,lb,published
2022-04,pork_chops,APU0300704211,4.568,lb,published
2022-05,pork_chops,APU0300704211,4.483,lb,published
2022-06,pork_chops,APU0300704211,4.695,lb,published
2022-07,pork_chops,APU0300704211,4.541,lb,published
2022-08,pork_chops,APU0300704211,4.685,lb,published
2022-09,pork_chops,APU0300704211,4.598,lb,published
2022-10,pork_chops,APU0300704211,4.715,lb,published
2022-11,pork_chops,APU0300704211,4.705,lb,published
2022-12,pork_chops,APU0300704211,4.743,lb,published
2023-01,pork_chops,APU0300704211,4.531,lb,published
2023-02,pork_chops,APU0300704211,4.521,lb,published
2023-03,pork_chops,APU0300704211,4.467,lb,published
2023-04,pork_chops,APU0300704211,4.36,lb,published
2023-05,pork_chops,APU0300704211,4.453,lb,published
2023-06,pork_chops,APU0300704211,4.516,lb,published
2023-07,pork_chops,APU0300704211,4.465,lb,published
2023-08,pork_chops,APU0300704211,4.663,lb,published
2023-09,pork_chops,APU0300704211,4.642,lb,published
2023-10,pork_chops,APU0300704211,4.344,lb,published
2023-11,pork_chops,APU0300704211,4.423,lb,published
2023-12,pork_chops,APU0300704211,4.471,lb,published
2024-01,pork_chops,APU0300704211,4.526,lb,published
2024-02,pork_chops,APU0300704211,4.411,lb,published
2024-03,pork_chops,APU0300704211,4.322,lb,published
2024-04,pork_chops,APU0300704211,4.271,lb,published
2024-05,pork_chops,APU0300704211,4.48,lb,published
2024-06,pork_chops,APU0300704211,4.514,lb,published
2024-07,pork_chops,APU0300704211,4.511,lb,published
2024-08,pork_chops,APU0300704211,4.43,lb,published
2024-09,pork_chops,APU0300704211,4.483,lb,published
2024-10,pork_chops,APU0300704211,4.355,lb,published
2024-11,pork_chops,APU0300704211,4.442,lb,published
2024-12,pork_chops,APU0300704211,4.397,lb,published
2025-01,pork_chops,APU0300704211,4.46,lb,published
2025-02,pork_chops,APU0300704211,4.4,lb,published
2025-03,pork_chops,APU0300704211,4.449,lb,published
2025-04,pork_chops,APU0300704211,4.492,lb,published
2025-05,pork_chops,APU0300704211,4.391,lb,published
2025-06,pork_chops,APU0300704211,4.446,lb,published
2025-07,pork_chops,APU0300704211,4.38,lb,published
2025-08,pork_chops,APU0300704211,4.61,lb,published
2025-09,pork_chops,APU0300704211,4.558,lb,published
2025-10,pork_chops,APU0300704211,4.558,lb,carried
2025-11,pork_chops,APU0300704211,4.771,lb,published
2025-12,pork_chops,APU0300704211,4.632,lb,published
2026-01,pork_chops,APU0300704211,4.234,lb,published
2026-02,pork_chops,APU0300704211,4.303,lb,published
2026-03,pork_chops,APU0300704211,4.256,lb,published
2026-04,pork_chops,APU0300704211,4.649,lb,published
2026-05,pork_chops,APU0300704211,4.712,lb,published
2026-06,pork_chops,APU0300704211,4.838,lb,published
2026-07,pork_chops,APU0300704211,4.673,lb,published
2026-08,pork_chops,APU0300704211,4.635,lb,published
2006-01,chicken_breast,APU0300FF1101,2.934,lb,published
2006-02,chicken_breast,APU0300FF1101,2.97,lb,published
2006-03,chicken_breast,APU0300FF1101,3.108,lb,published
2006-04,chicken_breast,APU0300FF1101,2.929,lb,published
2006-05,chicken_breast,APU0300FF1101,3.012,lb,published
2006-06,chicken_breast,APU0300FF1101,3.106,lb,published
2006-07,chicken_breast,APU0300FF1101,2.892,lb,published
2006-08,chicken_breast,APU0300FF1101,3.01,lb,published
2006-09,chicken_breast,APU0300FF1101,2.989,lb,published
2006-10,chicken_breast,APU0300FF1101,3.126,lb,published
2006-11,chicken_breast,APU0300FF1101,3.084,lb,published
2006-12,chicken_breast,APU0300FF1101,3.102,lb,published
2007-01,chicken_breast,APU0300FF1101,3.043,lb,published
2007-02,chicken_breast,APU0300FF1101,3.114,lb,published
2007-03,chicken_breast,APU0300FF1101,2.958,lb,published
2007-04,chicken_breast,APU0300FF1101,3.142,lb,published
2007-05,chicken_breast,APU0300FF1101,3.26,lb,published
2007-06,chicken_breast,APU0300FF1101,3.248,lb,published
2007-07,chicken_breast,APU0300FF1101,3.419,lb,published
2007-08,chicken_breast,APU0300FF1101,3.355,lb,published
2007-09,chicken_breast,APU0300FF1101,3.375,lb,published
2007-10,chicken_breast,APU0300FF1101,3.366,lb,published
2007-11,chicken_breast,APU0300FF1101,3.317,lb,published
2007-12,chicken_breast,APU0300FF1101,3.361,lb,published
2008-01,chicken_breast,APU0300FF1101,3.313,lb,published
2008-02,chicken_breast,APU0300FF1101,3.408,lb,published
2008-03,chicken_breast,APU0300FF1101,3.319,lb,published
2008-04,chicken_breast,APU0300FF1101,3.51,lb,published
2008-05,chicken_breast,APU0300FF1101,3.394,lb,published
2008-06,chicken_breast,APU0300FF1101,3.455,lb,published
2008-07,chicken_breast,APU0300FF1101,3.472,lb,published
2008-08,chicken_breast,APU0300FF1101,3.711,lb,published
2008-09,chicken_breast,APU0300FF1101,3.422,lb,published
2008-10,chicken_breast,APU0300FF1101,3.38,lb,published
2008-11,chicken_breast,APU0300FF1101,3.421,lb,published
2008-12,chicken_breast,APU0300FF1101,3.102,lb,published
2009-01,chicken_breast,APU0300FF1101,3.128,lb,published
2009-02,chicken_breast,APU0300FF1101,3.209,lb,published
2009-03,chicken_breast,APU0300FF1101,3.3,lb,published
2009-04,chicken_breast,APU0300FF1101,3.256,lb,published
2009-05,chicken_breast,APU0300FF1101,3.341,lb,published
2009-06,chicken_breast,APU0300FF1101,3.534,lb,published
2009-07,chicken_breast,APU0300FF1101,3.422,lb,published
2009-08,chicken_breast,APU0300FF1101,3.414,lb,published
2009-09,chicken_breast,APU0300FF1101,3.185,lb,published
2009-10,chicken_breast,APU0300FF1101,3.399,lb,published
2009-11,chicken_breast,APU0300FF1101,3.336,lb,published
2009-12,chicken_breast,APU0300FF1101,3.424,lb,published
2010-01,chicken_breast,APU0300FF1101,3.231,lb,published
2010-02,chicken_breast,APU0300FF1101,3.366,lb,published
2010-03,chicken_breast,APU0300FF1101,3.566,lb,published
2010-04,chicken_breast,APU0300FF1101,3.402,lb,published
2010-05,chicken_breast,APU0300FF1101,3.429,lb,published
2010-06,chicken_breast,APU0300FF1101,3.352,lb,published
2010-07,chicken_breast,APU0300FF1101,3.392,lb,published
2010-08,chicken_breast,APU0300FF1101,3.503,lb,published
2010-09,chicken_breast,APU0300FF1101,3.411,lb,published
2010-10,chicken_breast,APU0300FF1101,3.657,lb,published
2010-11,chicken_breast,APU0300FF1101,3.583,lb,published
2010-12,chicken_breast,APU0300FF1101,3.455,lb,published
2011-01,chicken_breast,APU0300FF1101,3.024,lb,published
2011-02,chicken_breast,APU0300FF1101,3.023,lb,published
2011-03,chicken_breast,APU0300FF1101,3.04,lb,published
2011-04,chicken_breast,APU0300FF1101,3.249,lb,published
2011-05,chicken_breast,APU0300FF1101,2.98,lb,published
2011-06,chicken_breast,APU0300FF1101,2.852,lb,published
2011-07,chicken_breast,APU0300FF1101,3.351,lb,published
2011-08,chicken_breast,APU0300FF1101,3.182,lb,published
2011-09,chicken_breast,APU0300FF1101,2.899,lb,published
2011-10,chicken_breast,APU0300FF1101,3.006,lb,published
2011-11,chicken_breast,APU0300FF1101,2.79,lb,published
2011-12,chicken_breast,APU0300FF1101,2.746,lb,published
2012-01,chicken_breast,APU0300FF1101,2.836,lb,published
2012-02,chicken_breast,APU0300FF1101,2.829,lb,published
2012-03,chicken_breast,APU0300FF1101,2.955,lb,published
2012-04,chicken_breast,APU0300FF1101,2.951,lb,published
2012-05,chicken_breast,APU0300FF1101,2.835,lb,published
2012-06,chicken_breast,APU0300FF1101,2.965,lb,published
2012-07,chicken_breast,APU0300FF1101,3.265,lb,published
2012-08,chicken_breast,APU0300FF1101,3.504,lb,published
2012-09,chicken_breast,APU0300FF1101,2.874,lb,published
2012-10,chicken_breast,APU0300FF1101,3.508,lb,published
2012-11,chicken_breast,APU0300FF1101,3.454,lb,published
2012-12,chicken_breast,APU0300FF1101,2.862,lb,published
2013-01,chicken_breast,APU0300FF1101,3.266,lb,published
2013-02,chicken_breast,APU0300FF1101,2.896,lb,published
2013-03,chicken_breast,APU0300FF1101,2.945,lb,published
2013-04,chicken_breast,APU0300FF1101,2.962,lb,published
2013-05,chicken_breast,APU0300FF1101,3.067,lb,published
2013-06,chicken_breast,APU0300FF1101,3.442,lb,published
2013-07,chicken_breast,APU0300FF1101,3.552,lb,published
2013-08,chicken_breast,APU0300FF1101,3.52,lb,published
2013-09,chicken_breast,APU0300FF1101,3.543,lb,published
2013-10,chicken_breast,APU0300FF1101,3.422,lb,published
2013-11,chicken_breast,APU0300FF1101,3.444,lb,published
2013-12,chicken_breast,APU0300FF1101,3.469,lb,published
2014-01,chicken_breast,APU0300FF1101,3.525,lb,published
2014-02,chicken_breast,APU0300FF1101,3.539,lb,published
2014-03,chicken_breast,APU0300FF1101,3.389,lb,published
2014-04,chicken_breast,APU0300FF1101,3.348,lb,published
2014-05,chicken_breast,APU0300FF1101,3.387,lb,published
2014-06,chicken_breast,APU0300FF1101,3.243,lb,published
2014-07,chicken_breast,APU0300FF1101,3.258,lb,published
2014-08,chicken_breast,APU0300FF1101,3.138,lb,published
2014-09,chicken_breast,APU0300FF1101,3.395,lb,published
2014-10,chicken_breast,APU0300FF1101,3.312,lb,published
2014-11,chicken_breast,APU0300FF1101,3.365,lb,published
2014-12,chicken_breast,APU0300FF1101,3.233,lb,published
2015-01,chicken_breast,APU0300FF1101,3.201,lb,published
2015-02,chicken_breast,APU0300FF1101,3.225,lb,published
2015-03,chicken_breast,APU0300FF1101,3.202,lb,published
2015-04,chicken_breast,APU0300FF1101,3.109,lb,published
2015-05,chicken_breast,APU0300FF1101,3.291,lb,published
2015-06,chicken_breast,APU0300FF1101,3.336,lb,published
2015-07,chicken_breast,APU0300FF1101,3.329,lb,published
2015-08,chicken_breast,APU0300FF1101,3.319,lb,published
2015-09,chicken_breast,APU0300FF1101,3.346,lb,published
2015-10,chicken_breast,APU0300FF1101,3.336,lb,published
2015-11,chicken_breast,APU0300FF1101,3.316,lb,published
2015-12,chicken_breast,APU0300FF1101,3.211,lb,published
2016-01,chicken_breast,APU0300FF1101,3.122,lb,published
2016-02,chicken_breast,APU0300FF1101,3.104,lb,published
2016-03,chicken_breast,APU0300FF1101,3.035,lb,published
2016-04,chicken_breast,APU0300FF1101,3.114,lb,published
2016-05,chicken_breast,APU0300FF1101,3.145,lb,published
2016-06,chicken_breast,APU0300FF1101,3.13,lb,published
2016-07,chicken_breast,APU0300FF1101,3.184,lb,published
2016-08,chicken_breast,APU0300FF1101,3.133,lb,published
2016-09,chicken_breast,APU0300FF1101,3.142,lb,published
2016-10,chicken_breast,APU0300FF1101,3.139,lb,published
2016-11,chicken_breast,APU0300FF1101,3.131,lb,published
2016-12,chicken_breast,APU0300FF1101,3.123,lb,published
2017-01,chicken_breast,APU0300FF1101,3.191,lb,published
2017-02,chicken_breast,APU0300FF1101,3.163,lb,published
2017-03,chicken_breast,APU0300FF1101,3.209,lb,published
2017-04,chicken_breast,APU0300FF1101,3.18,lb,published
2017-05,chicken_breast,APU0300FF1101,3.042,lb,published
2017-06,chicken_breast,APU0300FF1101,2.996,lb,published
2017-07,chicken_breast,APU0300FF1101,2.981,lb,published
2017-08,chicken_breast,APU0300FF1101,3.028,lb,published
2017-09,chicken_breast,APU0300FF1101,2.949,lb,published
2017-10,chicken_breast,APU0300FF1101,2.873,lb,published
2017-11,chicken_breast,APU0300FF1101,2.886,lb,published
2017-12,chicken_breast,APU0300FF1101,2.947,lb,published
2018-01,chicken_breast,APU0300FF1101,2.86,lb,published
2018-02,chicken_breast,APU0300FF1101,2.926,lb,published
2018-03,chicken_breast,APU0300FF1101,2.941,lb,published
2018-04,chicken_breast,APU0300FF1101,2.885,lb,published
2018-05,chicken_breast,APU0300FF1101,2.942,lb,published
2018-06,chicken_breast,APU0300FF1101,2.996,lb,published
2018-07,chicken_breast,APU0300FF1101,2.986,lb,published
2018-08,chicken_breast,APU0300FF1101,2.976,lb,published
2018-09,chicken_breast,APU0300FF1101,2.946,lb,published
2018-10,chicken_breast,APU0300FF1101,2.978,lb,published
2018-11,chicken_breast,APU0300FF1101,2.955,lb,published
2018-12,chicken_breast,APU0300FF1101,2.986,lb,published
2019-01,chicken_breast,APU0300FF1101,2.961,lb,published
2019-02,chicken_breast,APU0300FF1101,2.978,lb,published
2019-03,chicken_breast,APU0300FF1101,2.962,lb,published
2019-04,chicken_breast,APU0300FF1101,2.943,lb,published
2019-05,chicken_breast,APU0300FF1101,2.943,lb,published
2019-06,chicken_breast,APU0300FF1101,2.889,lb,published
2019-07,chicken_breast,APU0300FF1101,2.954,lb,published
2019-08,chicken_breast,APU0300FF1101,2.919,lb,published
2019-09,chicken_breast,APU0300FF1101,2.836,lb,published
2019-10,chicken_breast,APU0300FF1101,2.818,lb,published
2019-11,chicken_breast,APU0300FF1101,2.891,lb,published
2019-12,chicken_breast,APU0300FF1101,2.975,lb,published
2020-01,chicken_breast,APU0300FF1101,2.869,lb,published
2020-02,chicken_breast,APU0300FF1101,2.905,lb,published
2020-03,chicken_breast,APU0300FF1101,2.911,lb,published
2020-04,chicken_breast,APU0300FF1101,3.091,lb,published
2020-05,chicken_breast,APU0300FF1101,3.145,lb,published
2020-06,chicken_breast,APU0300FF1101,3.163,lb,published
2020-07,chicken_breast,APU0300FF1101,2.938,lb,published
2020-08,chicken_breast,APU0300FF1101,3.097,lb,published
2020-09,chicken_breast,APU0300FF1101,3.173,lb,published
2020-10,chicken_breast,APU0300FF1101,3.106,lb,published
2020-11,chicken_breast,APU0300FF1101,3.324,lb,published
2020-12,chicken_breast,APU0300FF1101,3.132,lb,published
2021-01,chicken_breast,APU0300FF1101,3.048,lb,published
2021-02,chicken_breast,APU0300FF1101,2.977,lb,published
2021-03,chicken_breast,APU0300FF1101,3.024,lb,published
2021-04,chicken_breast,APU0300FF1101,3.082,lb,published
2021-05,chicken_breast,APU0300FF1101,2.961,lb,published
2021-06,chicken_breast,APU0300FF1101,3.029,lb,published
2021-07,chicken_breast,APU0300FF1101,3.261,lb,published
2021-08,chicken_breast,APU0300FF1101,3.365,lb,published
2021-09,chicken_breast,APU0300FF1101,3.119,lb,published
2021-10,chicken_breast,APU0300FF1101,3.187,lb,published
2021-11,chicken_breast,APU0300FF1101,3.172,lb,published
2021-12,chicken_breast,APU0300FF1101,3.153,lb,published
2022-01,chicken_breast,APU0300FF1101,3.168,lb,published
2022-02,chicken_breast,APU0300FF1101,3.212,lb,published
2022-03,chicken_breast,APU0300FF1101,3.163,lb,published
2022-04,chicken_breast,APU0300FF1101,3.548,lb,published
2022-05,chicken_breast,APU0300FF1101,3.555,lb,published
2022-06,chicken_breast,APU0300FF1101,3.725,lb,published
2022-07,chicken_breast,APU0300FF1101,3.769,lb,published
2022-08,chicken_breast,APU0300FF1101,4.06,lb,published
2022-09,chicken_breast,APU0300FF1101,4.071,lb,published
2022-10,chicken_breast,APU0300FF1101,4.061,lb,published
2022-11,chicken_breast,APU0300FF1101,3.799,lb,published
2022-12,chicken_breast,APU0300FF1101,3.786,lb,published
2023-01,chicken_breast,APU0300FF1101,3.73,lb,published
2023-02,chicken_breast,APU0300FF1101,3.765,lb,published
2023-03,chicken_breast,APU0300FF1101,3.792,lb,published
2023-04,chicken_breast,APU0300FF1101,3.851,lb,published
2023-05,chicken_breast,APU0300FF1101,3.859,lb,published
2023-06,chicken_breast,APU0300FF1101,3.729,lb,published
2023-07,chicken_breast,APU0300FF1101,3.671,lb,published
2023-08,chicken_breast,APU0300FF1101,3.694,lb,published
2023-09,chicken_breast,APU0300FF1101,3.809,lb,published
2023-10,chicken_breast,APU0300FF1101,3.808,lb,published
2023-11,chicken_breast,APU0300FF1101,3.576,lb,published
2023-12,chicken_breast,APU0300FF1101,3.688,lb,published
2024-01,chicken_breast,APU0300FF1101,3.606,lb,published
2024-02,chicken_breast,APU0300FF1101,3.687,lb,published
2024-03,chicken_breast,APU0300FF1101,3.593,lb,published
2024-04,chicken_breast,APU0300FF1101,3.668,lb,published
2024-05,chicken_breast,APU0300FF1101,3.744,lb,published
2024-06,chicken_breast,APU0300FF1101,3.666,lb,published
2024-07,chicken_breast,APU0300FF1101,3.593,lb,published
2024-08,chicken_breast,APU0300FF1101,3.472,lb,published
2024-09,chicken_breast,APU0300FF1101,3.523,lb,published
2024-10,chicken_breast,APU0300FF1101,3.583,lb,published
2024-11,chicken_breast,APU0300FF1101,3.5,lb,published
2024-12,chicken_breast,APU0300FF1101,3.645,lb,published
2025-01,chicken_breast,APU0300FF1101,3.405,lb,published
2025-02,chicken_breast,APU0300FF1101,3.563,lb,published
2025-03,chicken_breast,APU0300FF1101,3.626,lb,published
2025-04,chicken_breast,APU0300FF1101,3.587,lb,published
2025-05,chicken_breast,APU0300FF1101,3.702,lb,published
2025-06,chicken_breast,APU0300FF1101,3.719,lb,published
2025-07,chicken_breast,APU0300FF1101,3.717,lb,published
2025-08,chicken_breast,APU0300FF1101,3.695,lb,published
2025-09,chicken_breast,APU0300FF1101,3.628,lb,published
2025-10,chicken_breast,APU0300FF1101,3.628,lb,carried
2025-11,chicken_breast,APU0300FF1101,3.762,lb,published
2025-12,chicken_breast,APU0300FF1101,3.897,lb,published
2026-01,chicken_breast,APU0300FF1101,3.792,lb,published
2026-02,chicken_breast,APU0300FF1101,3.872,lb,published
2026-03,chicken_breast,APU0300FF1101,3.918,lb,published
2026-04,chicken_breast,APU0300FF1101,3.867,lb,published
2026-05,chicken_breast,APU0300FF1101,3.97,lb,published
2026-06,chicken_breast,APU0300FF1101,4.128,lb,published
2026-07,chicken_breast,APU0300FF1101,4.105,lb,published
2026-08,chicken_breast,APU0300FF1101,4.139,lb,published
2006-01,chicken_whole,APU0300706111,0.99,lb,published
2006-02,chicken_whole,APU0300706111,0.977,lb,published
2006-03,chicken_whole,APU0300706111,0.98,lb,published
2006-04,chicken_whole,APU0300706111,0.96,lb,published
2006-05,chicken_whole,APU0300706111,0.96,lb,published
2006-06,chicken_whole,APU0300706111,0.95,lb,published
2006-07,chicken_whole,APU0300706111,0.953,lb,published
2006-08,chicken_whole,APU0300706111,0.961,lb,published
2006-09,chicken_whole,APU0300706111,0.964,lb,published
2006-10,chicken_whole,APU0300706111,0.965,lb,published
2006-11,chicken_whole,APU0300706111,0.953,lb,published
2006-12,chicken_whole,APU0300706111,0.975,lb,published
2007-01,chicken_whole,APU0300706111,0.983,lb,published
2007-02,chicken_whole,APU0300706111,0.988,lb,published
2007-03,chicken_whole,APU0300706111,0.991,lb,published
2007-04,chicken_whole,APU0300706111,1.027,lb,published
2007-05,chicken_whole,APU0300706111,1.079,lb,published
2007-06,chicken_whole,APU0300706111,1.084,lb,published
2007-07,chicken_whole,APU0300706111,1.082,lb,published
2007-08,chicken_whole,APU0300706111,1.072,lb,published
2007-09,chicken_whole,APU0300706111,1.11,lb,published
2007-10,chicken_whole,APU0300706111,1.073,lb,published
2007-11,chicken_whole,APU0300706111,1.131,lb,published
2007-12,chicken_whole,APU0300706111,1.114,lb,published
2008-01,chicken_whole,APU0300706111,1.124,lb,published
2008-02,chicken_whole,APU0300706111,1.1,lb,published
2008-03,chicken_whole,APU0300706111,1.131,lb,published
2008-04,chicken_whole,APU0300706111,1.138,lb,published
2008-05,chicken_whole,APU0300706111,1.137,lb,published
2008-06,chicken_whole,APU0300706111,1.094,lb,published
2008-07,chicken_whole,APU0300706111,1.111,lb,published
2008-08,chicken_whole,APU0300706111,1.138,lb,published
2008-09,chicken_whole,APU0300706111,1.142,lb,published
2008-10,chicken_whole,APU0300706111,1.128,lb,published
2008-11,chicken_whole,APU0300706111,1.152,lb,published
2008-12,chicken_whole,APU0300706111,1.133,lb,published
2009-01,chicken_whole,APU0300706111,1.131,lb,published
2009-02,chicken_whole,APU0300706111,1.122,lb,published
2009-03,chicken_whole,APU0300706111,1.144,lb,published
2009-04,chicken_whole,APU0300706111,1.13,lb,published
2009-05,chicken_whole,APU0300706111,1.165,lb,published
2009-06,chicken_whole,APU0300706111,1.17,lb,published
2009-07,chicken_whole,APU0300706111,1.164,lb,published
2009-08,chicken_whole,APU0300706111,1.186,lb,published
2009-09,chicken_whole,APU0300706111,1.169,lb,published
2009-10,chicken_whole,APU0300706111,1.146,lb,published
2009-11,chicken_whole,APU0300706111,1.157,lb,published
2009-12,chicken_whole,APU0300706111,1.181,lb,published
2010-01,chicken_whole,APU0300706111,1.169,lb,published
2010-02,chicken_whole,APU0300706111,1.156,lb,published
2010-03,chicken_whole,APU0300706111,1.118,lb,published
2010-04,chicken_whole,APU0300706111,1.148,lb,published
2010-05,chicken_whole,APU0300706111,1.175,lb,published
2010-06,chicken_whole,APU0300706111,1.172,lb,published
2010-07,chicken_whole,APU0300706111,1.212,lb,published
2010-08,chicken_whole,APU0300706111,1.191,lb,published
2010-09,chicken_whole,APU0300706111,1.213,lb,published
2010-10,chicken_whole,APU0300706111,1.223,lb,published
2010-11,chicken_whole,APU0300706111,1.187,lb,published
2010-12,chicken_whole,APU0300706111,1.216,lb,published
2011-01,chicken_whole,APU0300706111,1.19,lb,published
2011-02,chicken_whole,APU0300706111,1.175,lb,published
2011-03,chicken_whole,APU0300706111,1.203,lb,published
2011-04,chicken_whole,APU0300706111,1.193,lb,published
2011-05,chicken_whole,APU0300706111,1.233,lb,published
2011-06,chicken_whole,APU0300706111,1.226,lb,published
2011-07,chicken_whole,APU0300706111,1.226,lb,published
2011-08,chicken_whole,APU0300706111,1.204,lb,published
2011-09,chicken_whole,APU0300706111,1.188,lb,published
2011-10,chicken_whole,APU0300706111,1.2,lb,published
2011-11,chicken_whole,APU0300706111,1.191,lb,published
2011-12,chicken_whole,APU0300706111,1.198,lb,published
2012-01,chicken_whole,APU0300706111,1.187,lb,published
2012-02,chicken_whole,APU0300706111,1.217,lb,published
2012-03,chicken_whole,APU0300706111,1.22,lb,published
2012-04,chicken_whole,APU0300706111,1.268,lb,published
2012-05,chicken_whole,APU0300706111,1.236,lb,published
2012-06,chicken_whole,APU0300706111,1.312,lb,published
2012-07,chicken_whole,APU0300706111,1.324,lb,published
2012-08,chicken_whole,APU0300706111,1.345,lb,published
2012-09,chicken_whole,APU0300706111,1.36,lb,published
2012-10,chicken_whole,APU0300706111,1.365,lb,published
2012-11,chicken_whole,APU0300706111,1.366,lb,published
2012-12,chicken_whole,APU0300706111,1.309,lb,published
2013-01,chicken_whole,APU0300706111,1.306,lb,published
2013-02,chicken_whole,APU0300706111,1.369,lb,published
2013-03,chicken_whole,APU0300706111,1.329,lb,published
2013-04,chicken_whole,APU0300706111,1.318,lb,published
2013-05,chicken_whole,APU0300706111,1.353,lb,published
2013-06,chicken_whole,APU0300706111,1.364,lb,published
2013-07,chicken_whole,APU0300706111,1.332,lb,published
2013-08,chicken_whole,APU0300706111,1.376,lb,published
2013-09,chicken_whole,APU0300706111,1.413,lb,published
2013-10,chicken_whole,APU0300706111,1.432,lb,published
2013-11,chicken_whole,APU0300706111,1.463,lb,published
2013-12,chicken_whole,APU0300706111,1.43,lb,published
2014-01,chicken_whole,APU0300706111,1.434,lb,published
2014-02,chicken_whole,APU0300706111,1.45,lb,published
2014-03,chicken_whole,APU0300706111,1.426,lb,published
2014-04,chicken_whole,APU0300706111,1.444,lb,published
2014-05,chicken_whole,APU0300706111,1.45,lb,published
2014-06,chicken_whole,APU0300706111,1.428,lb,published
2014-07,chicken_whole,APU0300706111,1.418,lb,published
2014-08,chicken_whole,APU0300706111,1.459,lb,published
2014-09,chicken_whole,APU0300706111,1.445,lb,published
2014-10,chicken_whole,APU0300706111,1.479,lb,published
2014-11,chicken_whole,APU0300706111,1.445,lb,published
2014-12,chicken_whole,APU0300706111,1.5,lb,published
2015-01,chicken_whole,APU0300706111,1.443,lb,published
2015-02,chicken_whole,APU0300706111,1.489,lb,published
2015-03,chicken_whole,APU0300706111,1.469,lb,published
2015-04,chicken_whole,APU0300706111,1.458,lb,published
2015-05,chicken_whole,APU0300706111,1.39,lb,published
2015-06,chicken_whole,APU0300706111,1.452,lb,published
2015-07,chicken_whole,APU0300706111,1.436,lb,published
2015-08,chicken_whole,APU0300706111,1.323,lb,published
2015-09,chicken_whole,APU0300706111,1.323,lb,published
2015-10,chicken_whole,APU0300706111,1.329,lb,published
2015-11,chicken_whole,APU0300706111,1.374,lb,published
2015-12,chicken_whole,APU0300706111,1.322,lb,published
2016-01,chicken_whole,APU0300706111,1.315,lb,published
2016-02,chicken_whole,APU0300706111,1.332,lb,published
2016-03,chicken_whole,APU0300706111,1.336,lb,published
2016-04,chicken_whole,APU0300706111,1.38,lb,published
2016-05,chicken_whole,APU0300706111,1.357,lb,published
2016-06,chicken_whole,APU0300706111,1.306,lb,published
2016-07,chicken_whole,APU0300706111,1.325,lb,published
2016-08,chicken_whole,APU0300706111,1.301,lb,published
2016-09,chicken_whole,APU0300706111,1.32,lb,published
2016-10,chicken_whole,APU0300706111,1.282,lb,published
2016-11,chicken_whole,APU0300706111,1.311,lb,published
2016-12,chicken_whole,APU0300706111,1.3,lb,published
2017-01,chicken_whole,APU0300706111,1.316,lb,published
2017-02,chicken_whole,APU0300706111,1.32,lb,published
2017-03,chicken_whole,APU0300706111,1.304,lb,published
2017-04,chicken_whole,APU0300706111,1.304,lb,published
2017-05,chicken_whole,APU0300706111,1.373,lb,published
2017-06,chicken_whole,APU0300706111,1.313,lb,published
2017-07,chicken_whole,APU0300706111,1.311,lb,published
2017-08,chicken_whole,APU0300706111,1.324,lb,published
2017-09,chicken_whole,APU0300706111,1.31,lb,published
2017-10,chicken_whole,APU0300706111,1.316,lb,published
2017-11,chicken_whole,APU0300706111,1.315,lb,published
2017-12,chicken_whole,APU0300706111,1.32,lb,published
2018-01,chicken_whole,APU0300706111,1.312,lb,published
2018-02,chicken_whole,APU0300706111,1.271,lb,published
2018-03,chicken_whole,APU0300706111,1.323,lb,published
2018-04,chicken_whole,APU0300706111,1.299,lb,published
2018-05,chicken_whole,APU0300706111,1.328,lb,published
2018-06,chicken_whole,APU0300706111,1.322,lb,published
2018-07,chicken_whole,APU0300706111,1.313,lb,published
2018-08,chicken_whole,APU0300706111,1.329,lb,published
2018-09,chicken_whole,APU0300706111,1.31,lb,published
2018-10,chicken_whole,APU0300706111,1.301,lb,published
2018-11,chicken_whole,APU0300706111,1.306,lb,published
2018-12,chicken_whole,APU0300706111,1.3,lb,published
2019-01,chicken_whole,APU0300706111,1.29,lb,published
2019-02,chicken_whole,APU0300706111,1.299,lb,published
2019-03,chicken_whole,APU0300706111,1.299,lb,published
2019-04,chicken_whole,APU0300706111,1.245,lb,published
2019-05,chicken_whole,APU0300706111,1.255,lb,published
2019-06,chicken_whole,APU0300706111,1.34,lb,published
2019-07,chicken_whole,APU0300706111,1.364,lb,published
2019-08,chicken_whole,APU0300706111,1.319,lb,published
2019-09,chicken_whole,APU0300706111,1.304,lb,published
2019-10,chicken_whole,APU0300706111,1.295,lb,published
2019-11,chicken_whole,APU0300706111,1.177,lb,published
2019-12,chicken_whole,APU0300706111,1.255,lb,published
2020-01,chicken_whole,APU0300706111,1.251,lb,published
2020-02,chicken_whole,APU0300706111,1.24,lb,published
2020-03,chicken_whole,APU0300706111,1.221,lb,published
2020-04,chicken_whole,APU0300706111,1.37014,lb,imputed_us
2020-05,chicken_whole,APU0300706111,1.37065,lb,imputed_basket
2020-06,chicken_whole,APU0300706111,1.436,lb,published
2020-07,chicken_whole,APU0300706111,1.389,lb,published
2020-08,chicken_whole,APU0300706111,1.454,lb,published
2020-09,chicken_whole,APU0300706111,1.464,lb,published
2020-10,chicken_whole,APU0300706111,1.455,lb,published
2020-11,chicken_whole,APU0300706111,1.509,lb,published
2020-12,chicken_whole,APU0300706111,1.446,lb,published
2021-01,chicken_whole,APU0300706111,1.471,lb,published
2021-02,chicken_whole,APU0300706111,1.427,lb,published
2021-03,chicken_whole,APU0300706111,1.411,lb,published
2021-04,chicken_whole,APU0300706111,1.395,lb,published
2021-05,chicken_whole,APU0300706111,1.351,lb,published
2021-06,chicken_whole,APU0300706111,1.335,lb,published
2021-07,chicken_whole,APU0300706111,1.293,lb,published
2021-08,chicken_whole,APU0300706111,1.319,lb,published
2021-09,chicken_whole,APU0300706111,1.349,lb,published
2021-10,chicken_whole,APU0300706111,1.386,lb,published
2021-11,chicken_whole,APU0300706111,1.454,lb,published
2021-12,chicken_whole,APU0300706111,1.44,lb,published
2022-01,chicken_whole,APU0300706111,1.436,lb,published
2022-02,chicken_whole,APU0300706111,1.46,lb,published
2022-03,chicken_whole,APU0300706111,1.543,lb,published
2022-04,chicken_whole,APU0300706111,1.596,lb,published
2022-05,chicken_whole,APU0300706111,1.632,lb,published
2022-06,chicken_whole,APU0300706111,1.684,lb,published
2022-07,chicken_whole,APU0300706111,1.732,lb,published
2022-08,chicken_whole,APU0300706111,1.778,lb,published
2022-09,chicken_whole,APU0300706111,1.786,lb,published
2022-10,chicken_whole,APU0300706111,1.764,lb,published
2022-11,chicken_whole,APU0300706111,1.751,lb,published
2022-12,chicken_whole,APU0300706111,1.737,lb,published
2023-01,chicken_whole,APU0300706111,1.725,lb,published
2023-02,chicken_whole,APU0300706111,1.763,lb,published
2023-03,chicken_whole,APU0300706111,1.746,lb,published
2023-04,chicken_whole,APU0300706111,1.76,lb,published
2023-05,chicken_whole,APU0300706111,1.792,lb,published
2023-06,chicken_whole,APU0300706111,1.823,lb,published
2023-07,chicken_whole,APU0300706111,1.756,lb,published
2023-08,chicken_whole,APU0300706111,1.834,lb,published
2023-09,chicken_whole,APU0300706111,1.769,lb,published
2023-10,chicken_whole,APU0300706111,1.785,lb,published
2023-11,chicken_whole,APU0300706111,1.808,lb,published
2023-12,chicken_whole,APU0300706111,1.788,lb,published
2024-01,chicken_whole,APU0300706111,1.808,lb,published
2024-02,chicken_whole,APU0300706111,1.776,lb,published
2024-03,chicken_whole,APU0300706111,1.85,lb,published
2024-04,chicken_whole,APU0300706111,1.777,lb,published
2024-05,chicken_whole,APU0300706111,1.872,lb,published
2024-06,chicken_whole,APU0300706111,1.849,lb,published
2024-07,chicken_whole,APU0300706111,1.866,lb,published
2024-08,chicken_whole,APU0300706111,1.849,lb,published
2024-09,chicken_whole,APU0300706111,1.837,lb,published
2024-10,chicken_whole,APU0300706111,1.847,lb,published
2024-11,chicken_whole,APU0300706111,1.967,lb,published
2024-12,chicken_whole,APU0300706111,1.942,lb,published
2025-01,chicken_whole,APU0300706111,1.912,lb,published
2025-02,chicken_whole,APU0300706111,1.919,lb,published
2025-03,chicken_whole,APU0300706111,1.929,lb,published
2025-04,chicken_whole,APU0300706111,1.9,lb,published
2025-05,chicken_whole,APU0300706111,1.943,lb,published
2025-06,chicken_whole,APU0300706111,1.929,lb,published
2025-07,chicken_whole,APU0300706111,1.939,lb,published
2025-08,chicken_whole,APU0300706111,1.928,lb,published
2025-09,chicken_whole,APU0300706111,1.907,lb,published
2025-10,chicken_whole,APU0300706111,1.907,lb,carried
2025-11,chicken_whole,APU0300706111,1.905,lb,published
2025-12,chicken_whole,APU0300706111,1.909,lb,published
2026-01,chicken_whole,APU0300706111,1.876,lb,published
2026-02,chicken_whole,APU0300706111,1.894,lb,published
2026-03,chicken_whole,APU0300706111,1.894,lb,published
2026-04,chicken_whole,APU0300706111,1.903,lb,published
2026-05,chicken_whole,APU0300706111,1.899,lb,published
2026-06,chicken_whole,APU0300706111,1.955,lb,published
2026-07,chicken_whole,APU0300706111,1.898,lb,published
2026-08,chicken_whole,APU0300706111,1.93,lb,published
2006-01,eggs_large,APU0300708111,1.171,dozen,published
2006-02,eggs_large,APU0300708111,1.005,dozen,published
2006-03,eggs_large,APU0300708111,1.04,dozen,published
2006-04,eggs_large,APU0300708111,0.98,dozen,published
2006-05,eggs_large,APU0300708111,0.9,dozen,published
2006-06,eggs_large,APU0300708111,0.935,dozen,published
2006-07,eggs_large,APU0300708111,0.953,dozen,published
2006-08,eggs_large,APU0300708111,0.99,dozen,published
2006-09,eggs_large,APU0300708111,1.003,dozen,published
2006-10,eggs_large,APU0300708111,1.044,dozen,published
2006-11,eggs_large,APU0300708111,1.098,dozen,published
2006-12,eggs_large,APU0300708111,1.362,dozen,published
2007-01,eggs_large,APU0300708111,1.374,dozen,published
2007-02,eggs_large,APU0300708111,1.655,dozen,published
2007-03,eggs_large,APU0300708111,1.423,dozen,published
2007-04,eggs_large,APU0300708111,1.408,dozen,published
2007-05,eggs_large,APU0300708111,1.454,dozen,published
2007-06,eggs_large,APU0300708111,1.272,dozen,published
2007-07,eggs_large,APU0300708111,1.393,dozen,published
2007-08,eggs_large,APU0300708111,1.495,dozen,published
2007-09,eggs_large,APU0300708111,1.752,dozen,published
2007-10,eggs_large,APU0300708111,1.674,dozen,published
2007-11,eggs_large,APU0300708111,1.791,dozen,published
2007-12,eggs_large,APU0300708111,2.078,dozen,published
2008-01,eggs_large,APU0300708111,2.09,dozen,published
2008-02,eggs_large,APU0300708111,2.081,dozen,published
2008-03,eggs_large,APU0300708111,2.084,dozen,published
2008-04,eggs_large,APU0300708111,1.992,dozen,published
2008-05,eggs_large,APU0300708111,1.833,dozen,published
2008-06,eggs_large,APU0300708111,1.793,dozen,published
2008-07,eggs_large,APU0300708111,1.952,dozen,published
2008-08,eggs_large,APU0300708111,1.774,dozen,published
2008-09,eggs_large,APU0300708111,1.932,dozen,published
2008-10,eggs_large,APU0300708111,1.799,dozen,published
2008-11,eggs_large,APU0300708111,1.756,dozen,published
2008-12,eggs_large,APU0300708111,1.751,dozen,published
2009-01,eggs_large,APU0300708111,1.783,dozen,published
2009-02,eggs_large,APU0300708111,1.857,dozen,published
2009-03,eggs_large,APU0300708111,1.754,dozen,published
2009-04,eggs_large,APU0300708111,1.843,dozen,published
2009-05,eggs_large,APU0300708111,1.547,dozen,published
2009-06,eggs_large,APU0300708111,1.605,dozen,published
2009-07,eggs_large,APU0300708111,1.565,dozen,published
2009-08,eggs_large,APU0300708111,1.675,dozen,published
2009-09,eggs_large,APU0300708111,1.631,dozen,published
2009-10,eggs_large,APU0300708111,1.64,dozen,published
2009-11,eggs_large,APU0300708111,1.799,dozen,published
2009-12,eggs_large,APU0300708111,1.855,dozen,published
2010-01,eggs_large,APU0300708111,1.904,dozen,published
2010-02,eggs_large,APU0300708111,1.915,dozen,published
2010-03,eggs_large,APU0300708111,1.923,dozen,published
2010-04,eggs_large,APU0300708111,1.805,dozen,published
2010-05,eggs_large,APU0300708111,1.63,dozen,published
2010-06,eggs_large,APU0300708111,1.548,dozen,published
2010-07,eggs_large,APU0300708111,1.537,dozen,published
2010-08,eggs_large,APU0300708111,1.633,dozen,published
2010-09,eggs_large,APU0300708111,1.848,dozen,published
2010-10,eggs_large,APU0300708111,1.542,dozen,published
2010-11,eggs_large,APU0300708111,1.823,dozen,published
2010-12,eggs_large,APU0300708111,1.921,dozen,published
2011-01,eggs_large,APU0300708111,1.887,dozen,published
2011-02,eggs_large,APU0300708111,1.835,dozen,published
2011-03,eggs_large,APU0300708111,1.836,dozen,published
2011-04,eggs_large,APU0300708111,1.884,dozen,published
2011-05,eggs_large,APU0300708111,1.81,dozen,published
2011-06,eggs_large,APU0300708111,1.839,dozen,published
2011-07,eggs_large,APU0300708111,1.816,dozen,published
2011-08,eggs_large,APU0300708111,1.836,dozen,published
2011-09,eggs_large,APU0300708111,2.046,dozen,published
2011-10,eggs_large,APU0300708111,2.074,dozen,published
2011-11,eggs_large,APU0300708111,2.008,dozen,published
2011-12,eggs_large,APU0300708111,2.095,dozen,published
2012-01,eggs_large,APU0300708111,2.11,dozen,published
2012-02,eggs_large,APU0300708111,2.038,dozen,published
2012-03,eggs_large,APU0300708111,2.047,dozen,published
2012-04,eggs_large,APU0300708111,2.044,dozen,published
2012-05,eggs_large,APU0300708111,1.943,dozen,published
2012-06,eggs_large,APU0300708111,1.91887,dozen,imputed_us
2012-07,eggs_large,APU0300708111,1.89359,dozen,imputed_us
2012-08,eggs_large,APU0300708111,2.16476,dozen,imputed_us
2012-09,eggs_large,APU0300708111,2.17051,dozen,imputed_us
2012-10,eggs_large,APU0300708111,2.25209,dozen,imputed_us
2012-11,eggs_large,APU0300708111,2.25553,dozen,imputed_us
2012-12,eggs_large,APU0300708111,2.30609,dozen,imputed_us
2013-01,eggs_large,APU0300708111,2.22106,dozen,imputed_us
2013-02,eggs_large,APU0300708111,2.25783,dozen,imputed_us
2013-03,eggs_large,APU0300708111,2.21187,dozen,imputed_us
2013-04,eggs_large,APU0300708111,2.20383,dozen,imputed_us
2013-05,eggs_large,APU0300708111,2.139,dozen,published
2013-06,eggs_large,APU0300708111,2.002,dozen,published
2013-07,eggs_large,APU0300708111,1.965,dozen,published
2013-08,eggs_large,APU0300708111,1.978,dozen,published
2013-09,eggs_large,APU0300708111,1.982,dozen,published
2013-10,eggs_large,APU0300708111,1.986,dozen,published
2013-11,eggs_large,APU0300708111,2.09,dozen,published
2013-12,eggs_large,APU0300708111,2.096,dozen,published
2014-01,eggs_large,APU0300708111,2.11,dozen,published
2014-02,eggs_large,APU0300708111,2.144,dozen,published
2014-03,eggs_large,APU0300708111,2.256,dozen,published
2014-04,eggs_large,APU0300708111,2.253,dozen,published
2014-05,eggs_large,APU0300708111,2.216,dozen,published
2014-06,eggs_large,APU0300708111,2.136,dozen,published
2014-07,eggs_large,APU0300708111,2.094,dozen,published
2014-08,eggs_large,APU0300708111,2.023,dozen,published
2014-09,eggs_large,APU0300708111,2.049,dozen,published
2014-10,eggs_large,APU0300708111,2.03,dozen,published
2014-11,eggs_large,APU0300708111,2.076,dozen,published
2014-12,eggs_large,APU0300708111,2.242,dozen,published
2015-01,eggs_large,APU0300708111,2.274,dozen,published
2015-02,eggs_large,APU0300708111,2.262,dozen,published
2015-03,eggs_large,APU0300708111,2.218,dozen,published
2015-04,eggs_large,APU0300708111,2.223,dozen,published
2015-05,eggs_large,APU0300708111,2.08,dozen,published
2015-06,eggs_large,APU0300708111,2.678,dozen,published
2015-07,eggs_large,APU0300708111,2.736,dozen,published
2015-08,eggs_large,APU0300708111,2.93,dozen,published
2015-09,eggs_large,APU0300708111,3.017,dozen,published
2015-10,eggs_large,APU0300708111,3.052,dozen,published
2015-11,eggs_large,APU0300708111,2.898,dozen,published
2015-12,eggs_large,APU0300708111,2.924,dozen,published
2016-01,eggs_large,APU0300708111,2.365,dozen,published
2016-02,eggs_large,APU0300708111,2.295,dozen,published
2016-03,eggs_large,APU0300708111,2.193,dozen,published
2016-04,eggs_large,APU0300708111,2.029,dozen,published
2016-05,eggs_large,APU0300708111,1.857,dozen,published
2016-06,eggs_large,APU0300708111,1.55,dozen,published
2016-07,eggs_large,APU0300708111,1.59,dozen,published
2016-08,eggs_large,APU0300708111,1.479,dozen,published
2016-09,eggs_large,APU0300708111,1.518,dozen,published
2016-10,eggs_large,APU0300708111,1.443,dozen,published
2016-11,eggs_large,APU0300708111,1.288,dozen,published
2016-12,eggs_large,APU0300708111,1.382,dozen,published
2017-01,eggs_large,APU0300708111,1.565,dozen,published
2017-02,eggs_large,APU0300708111,1.436,dozen,published
2017-03,eggs_large,APU0300708111,1.402,dozen,published
2017-04,eggs_large,APU0300708111,1.364,dozen,published
2017-05,eggs_large,APU0300708111,1.316,dozen,published
2017-06,eggs_large,APU0300708111,1.314,dozen,published
2017-07,eggs_large,APU0300708111,1.337,dozen,published
2017-08,eggs_large,APU0300708111,1.354,dozen,published
2017-09,eggs_large,APU0300708111,1.457,dozen,published
2017-10,eggs_large,APU0300708111,1.559,dozen,published
2017-11,eggs_large,APU0300708111,1.52,dozen,published
2017-12,eggs_large,APU0300708111,1.827,dozen,published
2018-01,eggs_large,APU0300708111,1.723,dozen,published
2018-02,eggs_large,APU0300708111,1.681,dozen,published
2018-03,eggs_large,APU0300708111,1.774,dozen,published
2018-04,eggs_large,APU0300708111,2.097,dozen,published
2018-05,eggs_large,APU0300708111,2.027,dozen,published
2018-06,eggs_large,APU0300708111,1.522,dozen,published
2018-07,eggs_large,APU0300708111,1.628,dozen,published
2018-08,eggs_large,APU0300708111,1.536,dozen,published
2018-09,eggs_large,APU0300708111,1.517,dozen,published
2018-10,eggs_large,APU0300708111,1.516,dozen,published
2018-11,eggs_large,APU0300708111,1.551,dozen,published
2018-12,eggs_large,APU0300708111,1.594,dozen,published
2019-01,eggs_large,APU0300708111,1.513,dozen,published
2019-02,eggs_large,APU0300708111,1.546,dozen,published
2019-03,eggs_large,APU0300708111,1.467,dozen,published
2019-04,eggs_large,APU0300708111,1.379,dozen,published
2019-05,eggs_large,APU0300708111,1.256,dozen,published
2019-06,eggs_large,APU0300708111,1.144,dozen,published
2019-07,eggs_large,APU0300708111,1.185,dozen,published
2019-08,eggs_large,APU0300708111,1.1,dozen,published
2019-09,eggs_large,APU0300708111,1.357,dozen,published
2019-10,eggs_large,APU0300708111,1.201,dozen,published
2019-11,eggs_large,APU0300708111,1.343,dozen,published
2019-12,eggs_large,APU0300708111,1.508,dozen,published
2020-01,eggs_large,APU0300708111,1.427,dozen,published
2020-02,eggs_large,APU0300708111,1.393,dozen,published
2020-03,eggs_large,APU0300708111,1.442,dozen,published
2020-04,eggs_large,APU0300708111,2.138,dozen,published
2020-05,eggs_large,APU0300708111,1.523,dozen,published
2020-06,eggs_large,APU0300708111,1.43,dozen,published
2020-07,eggs_large,APU0300708111,1.294,dozen,published
2020-08,eggs_large,APU0300708111,1.163,dozen,published
2020-09,eggs_large,APU0300708111,1.199,dozen,published
2020-10,eggs_large,APU0300708111,1.218,dozen,published
2020-11,eggs_large,APU0300708111,1.394,dozen,published
2020-12,eggs_large,APU0300708111,1.367,dozen,published
2021-01,eggs_large,APU0300708111,1.331,dozen,published
2021-02,eggs_large,APU0300708111,1.548,dozen,published
2021-03,eggs_large,APU0300708111,1.505,dozen,published
2021-04,eggs_large,APU0300708111,1.53,dozen,published
2021-05,eggs_large,APU0300708111,1.486,dozen,published
2021-06,eggs_large,APU0300708111,1.524,dozen,published
2021-07,eggs_large,APU0300708111,1.496,dozen,published
2021-08,eggs_large,APU0300708111,1.562,dozen,published
2021-09,eggs_large,APU0300708111,1.653,dozen,published
2021-10,eggs_large,APU0300708111,1.634,dozen,published
2021-11,eggs_large,APU0300708111,1.453,dozen,published
2021-12,eggs_large,APU0300708111,1.459,dozen,published
2022-01,eggs_large,APU0300708111,1.835,dozen,published
2022-02,eggs_large,APU0300708111,1.849,dozen,published
2022-03,eggs_large,APU0300708111,1.905,dozen,published
2022-04,eggs_large,APU0300708111,2.267,dozen,published
2022-05,eggs_large,APU0300708111,2.6,dozen,published
2022-06,eggs_large,APU0300708111,2.524,dozen,published
2022-07,eggs_large,APU0300708111,2.736,dozen,published
2022-08,eggs_large,APU0300708111,3.034,dozen,published
2022-09,eggs_large,APU0300708111,2.653,dozen,published
2022-10,eggs_large,APU0300708111,3.122,dozen,published
2022-11,eggs_large,APU0300708111,3.272,dozen,published
2022-12,eggs_large,APU0300708111,3.951,dozen,published
2023-01,eggs_large,APU0300708111,4.775,dozen,published
2023-02,eggs_large,APU0300708111,4.157,dozen,published
2023-03,eggs_large,APU0300708111,3.196,dozen,published
2023-04,eggs_large,APU0300708111,3.078,dozen,published
2023-05,eggs_large,APU0300708111,2.312,dozen,published
2023-06,eggs_large,APU0300708111,1.935,dozen,published
2023-07,eggs_large,APU0300708111,1.804,dozen,published
2023-08,eggs_large,APU0300708111,1.732,dozen,published
2023-09,eggs_large,APU0300708111,1.785,dozen,published
2023-10,eggs_large,APU0300708111,1.754,dozen,published
2023-11,eggs_large,APU0300708111,1.809,dozen,published
2023-12,eggs_large,APU0300708111,2.251,dozen,published
2024-01,eggs_large,APU0300708111,2.28,dozen,published
2024-02,eggs_large,APU0300708111,2.712,dozen,published
2024-03,eggs_large,APU0300708111,2.81,dozen,published
2024-04,eggs_large,APU0300708111,2.642,dozen,published
2024-05,eggs_large,APU0300708111,2.479,dozen,published
2024-06,eggs_large,APU0300708111,2.352,dozen,published
2024-07,eggs_large,APU0300708111,2.751,dozen,published
2024-08,eggs_large,APU0300708111,2.934,dozen,published
2024-09,eggs_large,APU0300708111,3.747,dozen,published
2024-10,eggs_large,APU0300708111,3.298,dozen,published
2024-11,eggs_large,APU0300708111,3.401,dozen,published
2024-12,eggs_large,APU0300708111,3.907,dozen,published
2025-01,eggs_large,APU0300708111,4.74,dozen,published
2025-02,eggs_large,APU0300708111,5.453,dozen,published
2025-03,eggs_large,APU0300708111,5.907,dozen,published
2025-04,eggs_large,APU0300708111,4.803,dozen,published
2025-05,eggs_large,APU0300708111,4.24,dozen,published
2025-06,eggs_large,APU0300708111,3.427,dozen,published
2025-07,eggs_large,APU0300708111,3.207,dozen,published
2025-08,eggs_large,APU0300708111,3.274,dozen,published
2025-09,eggs_large,APU0300708111,3.171,dozen,published
2025-10,eggs_large,APU0300708111,3.171,dozen,carried
2025-11,eggs_large,APU0300708111,2.747,dozen,published
2025-12,eggs_large,APU0300708111,2.629,dozen,published
2026-01,eggs_large,APU0300708111,2.524,dozen,published
2026-02,eggs_large,APU0300708111,2.44,dozen,published
2026-03,eggs_large,APU0300708111,2.299,dozen,published
2026-04,eggs_large,APU0300708111,2.19,dozen,published
2026-05,eggs_large,APU0300708111,2.184,dozen,published
2026-06,eggs_large,APU0300708111,2.218,dozen,published
2026-07,eggs_large,APU0300708111,2.206,dozen,published
2026-08,eggs_large,APU0300708111,2.343,dozen,published
2006-01,milk_whole,APU0300709112,0.02675,fl_oz,published
2006-02,milk_whole,APU0300709112,0.02735,fl_oz,published
2006-03,milk_whole,APU0300709112,0.02673,fl_oz,published
2006-04,milk_whole,APU0300709112,0.02721,fl_oz,published
2006-05,milk_whole,APU0300709112,0.0263,fl_oz,published
2006-06,milk_whole,APU0300709112,0.02578,fl_oz,published
2006-07,milk_whole,APU0300709112,0.02688,fl_oz,published
2006-08,milk_whole,APU0300709112,0.02641,fl_oz,published
2006-09,milk_whole,APU0300709112,0.02677,fl_oz,published
2006-10,milk_whole,APU0300709112,0.02671,fl_oz,published
2006-11,milk_whole,APU0300709112,0.02618,fl_oz,published
2006-12,milk_whole,APU0300709112,0.02655,fl_oz,published
2007-01,milk_whole,APU0300709112,0.02744,fl_oz,published
2007-02,milk_whole,APU0300709112,0.02762,fl_oz,published
2007-03,milk_whole,APU0300709112,0.0272,fl_oz,published
2007-04,milk_whole,APU0300709112,0.0278,fl_oz,published
2007-05,milk_whole,APU0300709112,0.02884,fl_oz,published
2007-06,milk_whole,APU0300709112,0.03006,fl_oz,published
2007-07,milk_whole,APU0300709112,0.03198,fl_oz,published
2007-08,milk_whole,APU0300709112,0.03272,fl_oz,published
2007-09,milk_whole,APU0300709112,0.03279,fl_oz,published
2007-10,milk_whole,APU0300709112,0.03251,fl_oz,published
2007-11,milk_whole,APU0300709112,0.03334,fl_oz,published
2007-12,milk_whole,APU0300709112,0.03305,fl_oz,published
2008-01,milk_whole,APU0300709112,0.033,fl_oz,published
2008-02,milk_whole,APU0300709112,0.03259,fl_oz,published
2008-03,milk_whole,APU0300709112,0.03211,fl_oz,published
2008-04,milk_whole,APU0300709112,0.03219,fl_oz,published
2008-05,milk_whole,APU0300709112,0.03268,fl_oz,published
2008-06,milk_whole,APU0300709112,0.03275,fl_oz,published
2008-07,milk_whole,APU0300709112,0.03423,fl_oz,published
2008-08,milk_whole,APU0300709112,0.03318,fl_oz,published
2008-09,milk_whole,APU0300709112,0.03197,fl_oz,published
2008-10,milk_whole,APU0300709112,0.03054,fl_oz,published
2008-11,milk_whole,APU0300709112,0.03088,fl_oz,published
2008-12,milk_whole,APU0300709112,0.03041,fl_oz,published
2009-01,milk_whole,APU0300709112,0.02969,fl_oz,published
2009-02,milk_whole,APU0300709112,0.02783,fl_oz,published
2009-03,milk_whole,APU0300709112,0.02647,fl_oz,published
2009-04,milk_whole,APU0300709112,0.02534,fl_oz,published
2009-05,milk_whole,APU0300709112,0.02522,fl_oz,published
2009-06,milk_whole,APU0300709112,0.02464,fl_oz,published
2009-07,milk_whole,APU0300709112,0.02457,fl_oz,published
2009-08,milk_whole,APU0300709112,0.02488,fl_oz,published
2009-09,milk_whole,APU0300709112,0.02423,fl_oz,published
2009-10,milk_whole,APU0300709112,0.02495,fl_oz,published
2009-11,milk_whole,APU0300709112,0.02509,fl_oz,published
2009-12,milk_whole,APU0300709112,0.02567,fl_oz,published
2010-01,milk_whole,APU0300709112,0.02695,fl_oz,published
2010-02,milk_whole,APU0300709112,0.02709,fl_oz,published
2010-03,milk_whole,APU0300709112,0.02705,fl_oz,published
2010-04,milk_whole,APU0300709112,0.02645,fl_oz,published
2010-05,milk_whole,APU0300709112,0.0261,fl_oz,published
2010-06,milk_whole,APU0300709112,0.02743,fl_oz,published
2010-07,milk_whole,APU0300709112,0.02748,fl_oz,published
2010-08,milk_whole,APU0300709112,0.02763,fl_oz,published
2010-09,milk_whole,APU0300709112,0.02738,fl_oz,published
2010-10,milk_whole,APU0300709112,0.02808,fl_oz,published
2010-11,milk_whole,APU0300709112,0.02815,fl_oz,published
2010-12,milk_whole,APU0300709112,0.02792,fl_oz,published
2011-01,milk_whole,APU0300709112,0.028,fl_oz,published
2011-02,milk_whole,APU0300709112,0.0286,fl_oz,published
2011-03,milk_whole,APU0300709112,0.02952,fl_oz,published
2011-04,milk_whole,APU0300709112,0.03072,fl_oz,published
2011-05,milk_whole,APU0300709112,0.03127,fl_oz,published
2011-06,milk_whole,APU0300709112,0.03015,fl_oz,published
2011-07,milk_whole,APU0300709112,0.03022,fl_oz,published
2011-08,milk_whole,APU0300709112,0.03065,fl_oz,published
2011-09,milk_whole,APU0300709112,0.03073,fl_oz,published
2011-10,milk_whole,APU0300709112,0.03038,fl_oz,published
2011-11,milk_whole,APU0300709112,0.0296,fl_oz,published
2011-12,milk_whole,APU0300709112,0.0292,fl_oz,published
2012-01,milk_whole,APU0300709112,0.02935,fl_oz,published
2012-02,milk_whole,APU0300709112,0.02916,fl_oz,published
2012-03,milk_whole,APU0300709112,0.02898,fl_oz,published
2012-04,milk_whole,APU0300709112,0.02896,fl_oz,published
2012-05,milk_whole,APU0300709112,0.02881,fl_oz,published
2012-06,milk_whole,APU0300709112,0.0293,fl_oz,published
2012-07,milk_whole,APU0300709112,0.02934,fl_oz,published
2012-08,milk_whole,APU0300709112,0.02934,fl_oz,published
2012-09,milk_whole,APU0300709112,0.02902,fl_oz,published
2012-10,milk_whole,APU0300709112,0.02905,fl_oz,published
2012-11,milk_whole,APU0300709112,0.02951,fl_oz,published
2012-12,milk_whole,APU0300709112,0.02977,fl_oz,published
2013-01,milk_whole,APU0300709112,0.02966,fl_oz,published
2013-02,milk_whole,APU0300709112,0.02914,fl_oz,published
2013-03,milk_whole,APU0300709112,0.02877,fl_oz,published
2013-04,milk_whole,APU0300709112,0.02975,fl_oz,published
2013-05,milk_whole,APU0300709112,0.03023,fl_oz,published
2013-06,milk_whole,APU0300709112,0.02982,fl_oz,published
2013-07,milk_whole,APU0300709112,0.03003,fl_oz,published
2013-08,milk_whole,APU0300709112,0.02998,fl_oz,published
2013-09,milk_whole,APU0300709112,0.03015,fl_oz,published
2013-10,milk_whole,APU0300709112,0.03058,fl_oz,published
2013-11,milk_whole,APU0300709112,0.03057,fl_oz,published
2013-12,milk_whole,APU0300709112,0.03027,fl_oz,published
2014-01,milk_whole,APU0300709112,0.03078,fl_oz,published
2014-02,milk_whole,APU0300709112,0.03133,fl_oz,published
2014-03,milk_whole,APU0300709112,0.03187,fl_oz,published
2014-04,milk_whole,APU0300709112,0.03164,fl_oz,published
2014-05,milk_whole,APU0300709112,0.03259,fl_oz,published
2014-06,milk_whole,APU0300709112,0.03218,fl_oz,published
2014-07,milk_whole,APU0300709112,0.03195,fl_oz,published
2014-08,milk_whole,APU0300709112,0.03189,fl_oz,published
2014-09,milk_whole,APU0300709112,0.03234,fl_oz,published
2014-10,milk_whole,APU0300709112,0.03315,fl_oz,published
2014-11,milk_whole,APU0300709112,0.03275,fl_oz,published
2014-12,milk_whole,APU0300709112,0.03245,fl_oz,published
2015-01,milk_whole,APU0300709112,0.0316,fl_oz,published
2015-02,milk_whole,APU0300709112,0.03081,fl_oz,published
2015-03,milk_whole,APU0300709112,0.03025,fl_oz,published
2015-04,milk_whole,APU0300709112,0.02965,fl_oz,published
2015-05,milk_whole,APU0300709112,0.02936,fl_oz,published
2015-06,milk_whole,APU0300709112,0.03022,fl_oz,published
2015-07,milk_whole,APU0300709112,0.03027,fl_oz,published
2015-08,milk_whole,APU0300709112,0.0299,fl_oz,published
2015-09,milk_whole,APU0300709112,0.03054,fl_oz,published
2015-10,milk_whole,APU0300709112,0.02995,fl_oz,published
2015-11,milk_whole,APU0300709112,0.02979,fl_oz,published
2015-12,milk_whole,APU0300709112,0.02944,fl_oz,published
2016-01,milk_whole,APU0300709112,0.02925,fl_oz,published
2016-02,milk_whole,APU0300709112,0.02868,fl_oz,published
2016-03,milk_whole,APU0300709112,0.02799,fl_oz,published
2016-04,milk_whole,APU0300709112,0.0278,fl_oz,published
2016-05,milk_whole,APU0300709112,0.02738,fl_oz,published
2016-06,milk_whole,APU0300709112,0.02673,fl_oz,published
2016-07,milk_whole,APU0300709112,0.02613,fl_oz,published
2016-08,milk_whole,APU0300709112,0.02637,fl_oz,published
2016-09,milk_whole,APU0300709112,0.02729,fl_oz,published
2016-10,milk_whole,APU0300709112,0.02766,fl_oz,published
2016-11,milk_whole,APU0300709112,0.02748,fl_oz,published
2016-12,milk_whole,APU0300709112,0.02763,fl_oz,published
2017-01,milk_whole,APU0300709112,0.02791,fl_oz,published
2017-02,milk_whole,APU0300709112,0.02764,fl_oz,published
2017-03,milk_whole,APU0300709112,0.028,fl_oz,published
2017-04,milk_whole,APU0300709112,0.02737,fl_oz,published
2017-05,milk_whole,APU0300709112,0.02684,fl_oz,published
2017-06,milk_whole,APU0300709112,0.02752,fl_oz,published
2017-07,milk_whole,APU0300709112,0.02748,fl_oz,published
2017-08,milk_whole,APU0300709112,0.02702,fl_oz,published
2017-09,milk_whole,APU0300709112,0.02729,fl_oz,published
2017-10,milk_whole,APU0300709112,0.02713,fl_oz,published
2017-11,milk_whole,APU0300709112,0.02702,fl_oz,published
2017-12,milk_whole,APU0300709112,0.0271,fl_oz,published
2018-01,milk_whole,APU0300709112,0.02619,fl_oz,published
2018-02,milk_whole,APU0300709112,0.02579,fl_oz,published
2018-03,milk_whole,APU0300709112,0.02518,fl_oz,published
2018-04,milk_whole,APU0300709112,0.02555,fl_oz,published
2018-05,milk_whole,APU0300709112,0.02518,fl_oz,published
2018-06,milk_whole,APU0300709112,0.02406,fl_oz,published
2018-07,milk_whole,APU0300709112,0.02367,fl_oz,published
2018-08,milk_whole,APU0300709112,0.02463,fl_oz,published
2018-09,milk_whole,APU0300709112,0.02497,fl_oz,published
2018-10,milk_whole,APU0300709112,0.02473,fl_oz,published
2018-11,milk_whole,APU0300709112,0.02494,fl_oz,published
2018-12,milk_whole,APU0300709112,0.0241,fl_oz,published
2019-01,milk_whole,APU0300709112,0.0251,fl_oz,published
2019-02,milk_whole,APU0300709112,0.02454,fl_oz,published
2019-03,milk_whole,APU0300709112,0.02505,fl_oz,published
2019-04,milk_whole,APU0300709112,0.0253,fl_oz,published
2019-05,milk_whole,APU0300709112,0.0248,fl_oz,published
2019-06,milk_whole,APU0300709112,0.0259,fl_oz,published
2019-07,milk_whole,APU0300709112,0.0254,fl_oz,published
2019-08,milk_whole,APU0300709112,0.02549,fl_oz,published
2019-09,milk_whole,APU0300709112,0.0262,fl_oz,published
2019-10,milk_whole,APU0300709112,0.02583,fl_oz,published
2019-11,milk_whole,APU0300709112,0.02582,fl_oz,published
2019-12,milk_whole,APU0300709112,0.02523,fl_oz,published
2020-01,milk_whole,APU0300709112,0.02587,fl_oz,published
2020-02,milk_whole,APU0300709112,0.02541,fl_oz,published
2020-03,milk_whole,APU0300709112,0.02554,fl_oz,published
2020-04,milk_whole,APU0300709112,0.02594,fl_oz,published
2020-05,milk_whole,APU0300709112,0.0258,fl_oz,published
2020-06,milk_whole,APU0300709112,0.02545,fl_oz,published
2020-07,milk_whole,APU0300709112,0.02538,fl_oz,published
2020-08,milk_whole,APU0300709112,0.02696,fl_oz,published
2020-09,milk_whole,APU0300709112,0.02749,fl_oz,published
2020-10,milk_whole,APU0300709112,0.02673,fl_oz,published
2020-11,milk_whole,APU0300709112,0.02663,fl_oz,published
2020-12,milk_whole,APU0300709112,0.02759,fl_oz,published
2021-01,milk_whole,APU0300709112,0.02681,fl_oz,published
2021-02,milk_whole,APU0300709112,0.02568,fl_oz,published
2021-03,milk_whole,APU0300709112,0.02555,fl_oz,published
2021-04,milk_whole,APU0300709112,0.02609,fl_oz,published
2021-05,milk_whole,APU0300709112,0.02706,fl_oz,published
2021-06,milk_whole,APU0300709112,0.02748,fl_oz,published
2021-07,milk_whole,APU0300709112,0.02838,fl_oz,published
2021-08,milk_whole,APU0300709112,0.02752,fl_oz,published
2021-09,milk_whole,APU0300709112,0.02763,fl_oz,published
2021-10,milk_whole,APU0300709112,0.02784,fl_oz,published
2021-11,milk_whole,APU0300709112,0.02742,fl_oz,published
2021-12,milk_whole,APU0300709112,0.02813,fl_oz,published
2022-01,milk_whole,APU0300709112,0.02885,fl_oz,published
2022-02,milk_whole,APU0300709112,0.02919,fl_oz,published
2022-03,milk_whole,APU0300709112,0.0294,fl_oz,published
2022-04,milk_whole,APU0300709112,0.03028,fl_oz,published
2022-05,milk_whole,APU0300709112,0.03166,fl_oz,published
2022-06,milk_whole,APU0300709112,0.03094,fl_oz,published
2022-07,milk_whole,APU0300709112,0.03123,fl_oz,published
2022-08,milk_whole,APU0300709112,0.03198,fl_oz,published
2022-09,milk_whole,APU0300709112,0.03184,fl_oz,published
2022-10,milk_whole,APU0300709112,0.03293,fl_oz,published
2022-11,milk_whole,APU0300709112,0.03327,fl_oz,published
2022-12,milk_whole,APU0300709112,0.03297,fl_oz,published
2023-01,milk_whole,APU0300709112,0.0333,fl_oz,published
2023-02,milk_whole,APU0300709112,0.03326,fl_oz,published
2023-03,milk_whole,APU0300709112,0.03275,fl_oz,published
2023-04,milk_whole,APU0300709112,0.03217,fl_oz,published
2023-05,milk_whole,APU0300709112,0.03234,fl_oz,published
2023-06,milk_whole,APU0300709112,0.03186,fl_oz,published
2023-07,milk_whole,APU0300709112,0.03182,fl_oz,published
2023-08,milk_whole,APU0300709112,0.03156,fl_oz,published
2023-09,milk_whole,APU0300709112,0.03222,fl_oz,published
2023-10,milk_whole,APU0300709112,0.03075,fl_oz,published
2023-11,milk_whole,APU0300709112,0.03176,fl_oz,published
2023-12,milk_whole,APU0300709112,0.03175,fl_oz,published
2024-01,milk_whole,APU0300709112,0.03075,fl_oz,published
2024-02,milk_whole,APU0300709112,0.0307,fl_oz,published
2024-03,milk_whole,APU0300709112,0.03065,fl_oz,published
2024-04,milk_whole,APU0300709112,0.03077,fl_oz,published
2024-05,milk_whole,APU0300709112,0.03055,fl_oz,published
2024-06,milk_whole,APU0300709112,0.03074,fl_oz,published
2024-07,milk_whole,APU0300709112,0.03084,fl_oz,published
2024-08,milk_whole,APU0300709112,0.03142,fl_oz,published
2024-09,milk_whole,APU0300709112,0.03124,fl_oz,published
2024-10,milk_whole,APU0300709112,0.03162,fl_oz,published
2024-11,milk_whole,APU0300709112,0.03249,fl_oz,published
2024-12,milk_whole,APU0300709112,0.0322,fl_oz,published
2025-01,milk_whole,APU0300709112,0.03148,fl_oz,published
2025-02,milk_whole,APU0300709112,0.03174,fl_oz,published
2025-03,milk_whole,APU0300709112,0.03184,fl_oz,published
2025-04,milk_whole,APU0300709112,0.03218,fl_oz,published
2025-05,milk_whole,APU0300709112,0.03136,fl_oz,published
2025-06,milk_whole,APU0300709112,0.03213,fl_oz,published
2025-07,milk_whole,APU0300709112,0.03263,fl_oz,published
2025-08,milk_whole,APU0300709112,0.03277,fl_oz,published
2025-09,milk_whole,APU0300709112,0.0327,fl_oz,published
2025-10,milk_whole,APU0300709112,0.0327,fl_oz,carried
2025-11,milk_whole,APU0300709112,0.0311,fl_oz,published
2025-12,milk_whole,APU0300709112,0.03177,fl_oz,published
2026-01,milk_whole,APU0300709112,0.03202,fl_oz,published
2026-02,milk_whole,APU0300709112,0.03159,fl_oz,published
2026-03,milk_whole,APU0300709112,0.03172,fl_oz,published
2026-04,milk_whole,APU0300709112,0.03248,fl_oz,published
2026-05,milk_whole,APU0300709112,0.03337,fl_oz,published
2026-06,milk_whole,APU0300709112,0.03163,fl_oz,published
2026-07,milk_whole,APU0300709112,0.03127,fl_oz,published
2026-08,milk_whole,APU0300709112,0.0305,fl_oz,published
2006-01,cheddar,APU0300710212,0.24281,oz,published
2006-02,cheddar,APU0300710212,0.23631,oz,published
2006-03,cheddar,APU0300710212,0.23931,oz,published
2006-04,cheddar,APU0300710212,0.24313,oz,published
2006-05,cheddar,APU0300710212,0.238,oz,published
2006-06,cheddar,APU0300710212,0.23756,oz,published
2006-07,cheddar,APU0300710212,0.239,oz,published
2006-08,cheddar,APU0300710212,0.23875,oz,published
2006-09,cheddar,APU0300710212,0.23206,oz,published
2006-10,cheddar,APU0300710212,0.23744,oz,published
2006-11,cheddar,APU0300710212,0.24656,oz,published
2006-12,cheddar,APU0300710212,0.24725,oz,published
2007-01,cheddar,APU0300710212,0.24481,oz,published
2007-02,cheddar,APU0300710212,0.24438,oz,published
2007-03,cheddar,APU0300710212,0.2495,oz,published
2007-04,cheddar,APU0300710212,0.2465,oz,published
2007-05,cheddar,APU0300710212,0.25081,oz,published
2007-06,cheddar,APU0300710212,0.25769,oz,published
2007-07,cheddar,APU0300710212,0.27831,oz,published
2007-08,cheddar,APU0300710212,0.28681,oz,published
2007-09,cheddar,APU0300710212,0.29031,oz,published
2007-10,cheddar,APU0300710212,0.27956,oz,published
2007-11,cheddar,APU0300710212,0.28825,oz,published
2007-12,cheddar,APU0300710212,0.274,oz,published
2008-01,cheddar,APU0300710212,0.29194,oz,published
2008-02,cheddar,APU0300710212,0.29237,oz,published
2008-03,cheddar,APU0300710212,0.28519,oz,published
2008-04,cheddar,APU0300710212,0.28875,oz,published
2008-05,cheddar,APU0300710212,0.26994,oz,published
2008-06,cheddar,APU0300710212,0.28331,oz,published
2008-07,cheddar,APU0300710212,0.29931,oz,published
2008-08,cheddar,APU0300710212,0.30825,oz,published
2008-09,cheddar,APU0300710212,0.3035,oz,published
2008-10,cheddar,APU0300710212,0.32975,oz,published
2008-11,cheddar,APU0300710212,0.3365,oz,published
2008-12,cheddar,APU0300710212,0.33413,oz,published
2009-01,cheddar,APU0300710212,0.33256,oz,published
2009-02,cheddar,APU0300710212,0.32588,oz,published
2009-03,cheddar,APU0300710212,0.3005,oz,published
2009-04,cheddar,APU0300710212,0.31131,oz,published
2009-05,cheddar,APU0300710212,0.30862,oz,published
2009-06,cheddar,APU0300710212,0.30888,oz,published
2009-07,cheddar,APU0300710212,0.29669,oz,published
2009-08,cheddar,APU0300710212,0.30538,oz,published
2009-09,cheddar,APU0300710212,0.30269,oz,published
2009-10,cheddar,APU0300710212,0.29431,oz,published
2009-11,cheddar,APU0300710212,0.28306,oz,published
2009-12,cheddar,APU0300710212,0.28987,oz,published
2010-01,cheddar,APU0300710212,0.31831,oz,published
2010-02,cheddar,APU0300710212,0.29919,oz,published
2010-03,cheddar,APU0300710212,0.31219,oz,published
2010-04,cheddar,APU0300710212,0.311,oz,published
2010-05,cheddar,APU0300710212,0.31444,oz,published
2010-06,cheddar,APU0300710212,0.30644,oz,published
2010-07,cheddar,APU0300710212,0.31244,oz,published
2010-08,cheddar,APU0300710212,0.3135,oz,published
2010-09,cheddar,APU0300710212,0.31244,oz,published
2010-10,cheddar,APU0300710212,0.29694,oz,published
2010-11,cheddar,APU0300710212,0.2935,oz,published
2010-12,cheddar,APU0300710212,0.28594,oz,published
2011-01,cheddar,APU0300710212,0.29637,oz,published
2011-02,cheddar,APU0300710212,0.28163,oz,published
2011-03,cheddar,APU0300710212,0.28956,oz,published
2011-04,cheddar,APU0300710212,0.29644,oz,published
2011-05,cheddar,APU0300710212,0.31081,oz,published
2011-06,cheddar,APU0300710212,0.31269,oz,published
2011-07,cheddar,APU0300710212,0.32338,oz,published
2011-08,cheddar,APU0300710212,0.328,oz,published
2011-09,cheddar,APU0300710212,0.33269,oz,published
2011-10,cheddar,APU0300710212,0.34394,oz,published
2011-11,cheddar,APU0300710212,0.31556,oz,published
2011-12,cheddar,APU0300710212,0.3205,oz,published
2012-01,cheddar,APU0300710212,0.32844,oz,published
2012-02,cheddar,APU0300710212,0.32794,oz,published
2012-03,cheddar,APU0300710212,0.31794,oz,published
2012-04,cheddar,APU0300710212,0.315,oz,published
2012-05,cheddar,APU0300710212,0.32144,oz,published
2012-06,cheddar,APU0300710212,0.32594,oz,published
2012-07,cheddar,APU0300710212,0.33625,oz,published
2012-08,cheddar,APU0300710212,0.33206,oz,published
2012-09,cheddar,APU0300710212,0.34806,oz,published
2012-10,cheddar,APU0300710212,0.36281,oz,published
2012-11,cheddar,APU0300710212,0.36088,oz,published
2012-12,cheddar,APU0300710212,0.371,oz,published
2013-01,cheddar,APU0300710212,0.37031,oz,published
2013-02,cheddar,APU0300710212,0.39606,oz,published
2013-03,cheddar,APU0300710212,0.36319,oz,published
2013-04,cheddar,APU0300710212,0.35087,oz,published
2013-05,cheddar,APU0300710212,0.3425,oz,published
2013-06,cheddar,APU0300710212,0.31838,oz,published
2013-07,cheddar,APU0300710212,0.32662,oz,published
2013-08,cheddar,APU0300710212,0.32256,oz,published
2013-09,cheddar,APU0300710212,0.32244,oz,published
2013-10,cheddar,APU0300710212,0.32,oz,published
2013-11,cheddar,APU0300710212,0.31919,oz,published
2013-12,cheddar,APU0300710212,0.31106,oz,published
2014-01,cheddar,APU0300710212,0.31594,oz,published
2014-02,cheddar,APU0300710212,0.31906,oz,published
2014-03,cheddar,APU0300710212,0.32719,oz,published
2014-04,cheddar,APU0300710212,0.33987,oz,published
2014-05,cheddar,APU0300710212,0.32869,oz,published
2014-06,cheddar,APU0300710212,0.33369,oz,published
2014-07,cheddar,APU0300710212,0.33681,oz,published
2014-08,cheddar,APU0300710212,0.3335,oz,published
2014-09,cheddar,APU0300710212,0.335,oz,published
2014-10,cheddar,APU0300710212,0.3245,oz,published
2014-11,cheddar,APU0300710212,0.33413,oz,published
2014-12,cheddar,APU0300710212,0.34094,oz,published
2015-01,cheddar,APU0300710212,0.33344,oz,published
2015-02,cheddar,APU0300710212,0.33419,oz,published
2015-03,cheddar,APU0300710212,0.32394,oz,published
2015-04,cheddar,APU0300710212,0.32219,oz,published
2015-05,cheddar,APU0300710212,0.30725,oz,published
2015-06,cheddar,APU0300710212,0.31144,oz,published
2015-07,cheddar,APU0300710212,0.31756,oz,published
2015-08,cheddar,APU0300710212,0.32238,oz,published
2015-09,cheddar,APU0300710212,0.31988,oz,published
2015-10,cheddar,APU0300710212,0.33181,oz,published
2015-11,cheddar,APU0300710212,0.333,oz,published
2015-12,cheddar,APU0300710212,0.324,oz,published
2016-01,cheddar,APU0300710212,0.32706,oz,published
2016-02,cheddar,APU0300710212,0.32075,oz,published
2016-03,cheddar,APU0300710212,0.31981,oz,published
2016-04,cheddar,APU0300710212,0.321,oz,published
2016-05,cheddar,APU0300710212,0.32131,oz,published
2016-06,cheddar,APU0300710212,0.31612,oz,published
2016-07,cheddar,APU0300710212,0.31062,oz,published
2016-08,cheddar,APU0300710212,0.32625,oz,published
2016-09,cheddar,APU0300710212,0.31225,oz,published
2016-10,cheddar,APU0300710212,0.32569,oz,published
2016-11,cheddar,APU0300710212,0.313,oz,published
2016-12,cheddar,APU0300710212,0.32212,oz,published
2017-01,cheddar,APU0300710212,0.31625,oz,published
2017-02,cheddar,APU0300710212,0.28819,oz,published
2017-03,cheddar,APU0300710212,0.27337,oz,published
2017-04,cheddar,APU0300710212,0.29431,oz,published
2017-05,cheddar,APU0300710212,0.29581,oz,published
2017-06,cheddar,APU0300710212,0.30094,oz,published
2017-07,cheddar,APU0300710212,0.30088,oz,published
2017-08,cheddar,APU0300710212,0.29481,oz,published
2017-09,cheddar,APU0300710212,0.31962,oz,published
2017-10,cheddar,APU0300710212,0.32494,oz,published
2017-11,cheddar,APU0300710212,0.32769,oz,published
2017-12,cheddar,APU0300710212,0.32869,oz,published
2018-01,cheddar,APU0300710212,0.31631,oz,published
2018-02,cheddar,APU0300710212,0.33494,oz,published
2018-03,cheddar,APU0300710212,0.32506,oz,published
2018-04,cheddar,APU0300710212,0.33494,oz,published
2018-05,cheddar,APU0300710212,0.32719,oz,published
2018-06,cheddar,APU0300710212,0.32356,oz,published
2018-07,cheddar,APU0300710212,0.31031,oz,published
2018-08,cheddar,APU0300710212,0.3225,oz,published
2018-09,cheddar,APU0300710212,0.3155,oz,published
2018-10,cheddar,APU0300710212,0.33381,oz,published
2018-11,cheddar,APU0300710212,0.33637,oz,published
2018-12,cheddar,APU0300710212,0.33937,oz,published
2019-01,cheddar,APU0300710212,0.33025,oz,published
2019-02,cheddar,APU0300710212,0.32012,oz,published
2019-03,cheddar,APU0300710212,0.32612,oz,published
2019-04,cheddar,APU0300710212,0.33213,oz,published
2019-05,cheddar,APU0300710212,0.32731,oz,published
2019-06,cheddar,APU0300710212,0.33513,oz,published
2019-07,cheddar,APU0300710212,0.34031,oz,published
2019-08,cheddar,APU0300710212,0.334,oz,published
2019-09,cheddar,APU0300710212,0.33244,oz,published
2019-10,cheddar,APU0300710212,0.33475,oz,published
2019-11,cheddar,APU0300710212,0.35044,oz,published
2019-12,cheddar,APU0300710212,0.33913,oz,published
2020-01,cheddar,APU0300710212,0.32925,oz,published
2020-02,cheddar,APU0300710212,0.33469,oz,published
2020-03,cheddar,APU0300710212,0.33775,oz,published
2020-04,cheddar,APU0300710212,0.34787,oz,published
2020-05,cheddar,APU0300710212,0.36344,oz,published
2020-06,cheddar,APU0300710212,0.36119,oz,published
2020-07,cheddar,APU0300710212,0.37375,oz,published
2020-08,cheddar,APU0300710212,0.37781,oz,published
2020-09,cheddar,APU0300710212,0.382,oz,published
2020-10,cheddar,APU0300710212,0.38006,oz,published
2020-11,cheddar,APU0300710212,0.37769,oz,published
2020-12,cheddar,APU0300710212,0.3555,oz,published
2021-01,cheddar,APU0300710212,0.37406,oz,published
2021-02,cheddar,APU0300710212,0.372,oz,published
2021-03,cheddar,APU0300710212,0.37319,oz,published
2021-04,cheddar,APU0300710212,0.35256,oz,published
2021-05,cheddar,APU0300710212,0.33406,oz,published
2021-06,cheddar,APU0300710212,0.325,oz,published
2021-07,cheddar,APU0300710212,0.32906,oz,published
2021-08,cheddar,APU0300710212,0.331,oz,published
2021-09,cheddar,APU0300710212,0.3345,oz,published
2021-10,cheddar,APU0300710212,0.32963,oz,published
2021-11,cheddar,APU0300710212,0.32169,oz,published
2021-12,cheddar,APU0300710212,0.30438,oz,published
2022-01,cheddar,APU0300710212,0.31031,oz,published
2022-02,cheddar,APU0300710212,0.31469,oz,published
2022-03,cheddar,APU0300710212,0.31738,oz,published
2022-04,cheddar,APU0300710212,0.33244,oz,published
2022-05,cheddar,APU0300710212,0.32944,oz,published
2022-06,cheddar,APU0300710212,0.35044,oz,published
2022-07,cheddar,APU0300710212,0.35756,oz,published
2022-08,cheddar,APU0300710212,0.37094,oz,published
2022-09,cheddar,APU0300710212,0.37912,oz,published
2022-10,cheddar,APU0300710212,0.35594,oz,published
2022-11,cheddar,APU0300710212,0.36206,oz,published
2022-12,cheddar,APU0300710212,0.35894,oz,published
2023-01,cheddar,APU0300710212,0.36794,oz,published
2023-02,cheddar,APU0300710212,0.35287,oz,published
2023-03,cheddar,APU0300710212,0.37269,oz,published
2023-04,cheddar,APU0300710212,0.36806,oz,published
2023-05,cheddar,APU0300710212,0.36644,oz,published
2023-06,cheddar,APU0300710212,0.36775,oz,published
2023-07,cheddar,APU0300710212,0.37019,oz,published
2023-08,cheddar,APU0300710212,0.372,oz,published
2023-09,cheddar,APU0300710212,0.36988,oz,published
2023-10,cheddar,APU0300710212,0.3665,oz,published
2023-11,cheddar,APU0300710212,0.33737,oz,published
2023-12,cheddar,APU0300710212,0.33587,oz,published
2024-01,cheddar,APU0300710212,0.36256,oz,published
2024-02,cheddar,APU0300710212,0.35837,oz,published
2024-03,cheddar,APU0300710212,0.35075,oz,published
2024-04,cheddar,APU0300710212,0.33519,oz,published
2024-05,cheddar,APU0300710212,0.33431,oz,published
2024-06,cheddar,APU0300710212,0.33225,oz,published
2024-07,cheddar,APU0300710212,0.325,oz,published
2024-08,cheddar,APU0300710212,0.33306,oz,published
2024-09,cheddar,APU0300710212,0.33194,oz,published
2024-10,cheddar,APU0300710212,0.34919,oz,published
2024-11,cheddar,APU0300710212,0.34994,oz,published
2024-12,cheddar,APU0300710212,0.33863,oz,published
2025-01,cheddar,APU0300710212,0.34475,oz,published
2025-02,cheddar,APU0300710212,0.33369,oz,published
2025-03,cheddar,APU0300710212,0.34337,oz,published
2025-04,cheddar,APU0300710212,0.34706,oz,published
2025-05,cheddar,APU0300710212,0.342,oz,published
2025-06,cheddar,APU0300710212,0.33387,oz,published
2025-07,cheddar,APU0300710212,0.3285,oz,published
2025-08,cheddar,APU0300710212,0.34031,oz,published
2025-09,cheddar,APU0300710212,0.34413,oz,published
2025-10,cheddar,APU0300710212,0.34413,oz,carried
2025-11,cheddar,APU0300710212,0.33519,oz,published
2025-12,cheddar,APU0300710212,0.33575,oz,published
2026-01,cheddar,APU0300710212,0.34994,oz,published
2026-02,cheddar,APU0300710212,0.34337,oz,published
2026-03,cheddar,APU0300710212,0.34831,oz,published
2026-04,cheddar,APU0300710212,0.34737,oz,published
2026-05,cheddar,APU0300710212,0.32681,oz,published
2026-06,cheddar,APU0300710212,0.33137,oz,published
2026-07,cheddar,APU0300710212,0.33331,oz,published
2026-08,cheddar,APU0300710212,0.33694,oz,published
2006-01,ice_cream,APU0300710411,0.06081,oz,published
2006-02,ice_cream,APU0300710411,0.05891,oz,published
2006-03,ice_cream,APU0300710411,0.06045,oz,published
2006-04,ice_cream,APU0300710411,0.06095,oz,published
2006-05,ice_cream,APU0300710411,0.05998,oz,published
2006-06,ice_cream,APU0300710411,0.05995,oz,published
2006-07,ice_cream,APU0300710411,0.05883,oz,published
2006-08,ice_cream,APU0300710411,0.05978,oz,published
2006-09,ice_cream,APU0300710411,0.05936,oz,published
2006-10,ice_cream,APU0300710411,0.06278,oz,published
2006-11,ice_cream,APU0300710411,0.06525,oz,published
2006-12,ice_cream,APU0300710411,0.06558,oz,published
2007-01,ice_cream,APU0300710411,0.06692,oz,published
2007-02,ice_cream,APU0300710411,0.06536,oz,published
2007-03,ice_cream,APU0300710411,0.06653,oz,published
2007-04,ice_cream,APU0300710411,0.06808,oz,published
2007-05,ice_cream,APU0300710411,0.06442,oz,published
2007-06,ice_cream,APU0300710411,0.06209,oz,published
2007-07,ice_cream,APU0300710411,0.06314,oz,published
2007-08,ice_cream,APU0300710411,0.06594,oz,published
2007-09,ice_cream,APU0300710411,0.06486,oz,published
2007-10,ice_cream,APU0300710411,0.06584,oz,published
2007-11,ice_cream,APU0300710411,0.06594,oz,published
2007-12,ice_cream,APU0300710411,0.06488,oz,published
2008-01,ice_cream,APU0300710411,0.06666,oz,published
2008-02,ice_cream,APU0300710411,0.06658,oz,published
2008-03,ice_cream,APU0300710411,0.06436,oz,published
2008-04,ice_cream,APU0300710411,0.06745,oz,published
2008-05,ice_cream,APU0300710411,0.06302,oz,published
2008-06,ice_cream,APU0300710411,0.06458,oz,published
2008-07,ice_cream,APU0300710411,0.06723,oz,published
2008-08,ice_cream,APU0300710411,0.06975,oz,published
2008-09,ice_cream,APU0300710411,0.07034,oz,published
2008-10,ice_cream,APU0300710411,0.07037,oz,published
2008-11,ice_cream,APU0300710411,0.06856,oz,published
2008-12,ice_cream,APU0300710411,0.06811,oz,published
2009-01,ice_cream,APU0300710411,0.06655,oz,published
2009-02,ice_cream,APU0300710411,0.06847,oz,published
2009-03,ice_cream,APU0300710411,0.0683,oz,published
2009-04,ice_cream,APU0300710411,0.06538,oz,published
2009-05,ice_cream,APU0300710411,0.06945,oz,published
2009-06,ice_cream,APU0300710411,0.06763,oz,published
2009-07,ice_cream,APU0300710411,0.06963,oz,published
2009-08,ice_cream,APU0300710411,0.0723,oz,published
2009-09,ice_cream,APU0300710411,0.06845,oz,published
2009-10,ice_cream,APU0300710411,0.06881,oz,published
2009-11,ice_cream,APU0300710411,0.06905,oz,published
2009-12,ice_cream,APU0300710411,0.06998,oz,published
2010-01,ice_cream,APU0300710411,0.07139,oz,published
2010-02,ice_cream,APU0300710411,0.07064,oz,published
2010-03,ice_cream,APU0300710411,0.07253,oz,published
2010-04,ice_cream,APU0300710411,0.07308,oz,published
2010-05,ice_cream,APU0300710411,0.06927,oz,published
2010-06,ice_cream,APU0300710411,0.07197,oz,published
2010-07,ice_cream,APU0300710411,0.07142,oz,published
2010-08,ice_cream,APU0300710411,0.07077,oz,published
2010-09,ice_cream,APU0300710411,0.07031,oz,published
2010-10,ice_cream,APU0300710411,0.07014,oz,published
2010-11,ice_cream,APU0300710411,0.07427,oz,published
2010-12,ice_cream,APU0300710411,0.07456,oz,published
2011-01,ice_cream,APU0300710411,0.0728,oz,published
2011-02,ice_cream,APU0300710411,0.07339,oz,published
2011-03,ice_cream,APU0300710411,0.07848,oz,published
2011-04,ice_cream,APU0300710411,0.07841,oz,published
2011-05,ice_cream,APU0300710411,0.07361,oz,published
2011-06,ice_cream,APU0300710411,0.07664,oz,published
2011-07,ice_cream,APU0300710411,0.07975,oz,published
2011-08,ice_cream,APU0300710411,0.08064,oz,published
2011-09,ice_cream,APU0300710411,0.08048,oz,published
2011-10,ice_cream,APU0300710411,0.08284,oz,published
2011-11,ice_cream,APU0300710411,0.08495,oz,published
2011-12,ice_cream,APU0300710411,0.08045,oz,published
2012-01,ice_cream,APU0300710411,0.08433,oz,published
2012-02,ice_cream,APU0300710411,0.08295,oz,published
2012-03,ice_cream,APU0300710411,0.0793,oz,published
2012-04,ice_cream,APU0300710411,0.08373,oz,published
2012-05,ice_cream,APU0300710411,0.08352,oz,published
2012-06,ice_cream,APU0300710411,0.08528,oz,published
2012-07,ice_cream,APU0300710411,0.08323,oz,published
2012-08,ice_cream,APU0300710411,0.07914,oz,published
2012-09,ice_cream,APU0300710411,0.08488,oz,published
2012-10,ice_cream,APU0300710411,0.09259,oz,published
2012-11,ice_cream,APU0300710411,0.09152,oz,published
2012-12,ice_cream,APU0300710411,0.09478,oz,published
2013-01,ice_cream,APU0300710411,0.08934,oz,published
2013-02,ice_cream,APU0300710411,0.08822,oz,published
2013-03,ice_cream,APU0300710411,0.08797,oz,published
2013-04,ice_cream,APU0300710411,0.08834,oz,published
2013-05,ice_cream,APU0300710411,0.08716,oz,published
2013-06,ice_cream,APU0300710411,0.08961,oz,published
2013-07,ice_cream,APU0300710411,0.08739,oz,published
2013-08,ice_cream,APU0300710411,0.08811,oz,published
2013-09,ice_cream,APU0300710411,0.0863,oz,published
2013-10,ice_cream,APU0300710411,0.0858,oz,published
2013-11,ice_cream,APU0300710411,0.08095,oz,published
2013-12,ice_cream,APU0300710411,0.08305,oz,published
2014-01,ice_cream,APU0300710411,0.08416,oz,published
2014-02,ice_cream,APU0300710411,0.08831,oz,published
2014-03,ice_cream,APU0300710411,0.08153,oz,published
2014-04,ice_cream,APU0300710411,0.0852,oz,published
2014-05,ice_cream,APU0300710411,0.07748,oz,published
2014-06,ice_cream,APU0300710411,0.07537,oz,published
2014-07,ice_cream,APU0300710411,0.07797,oz,published
2014-08,ice_cream,APU0300710411,0.07755,oz,published
2014-09,ice_cream,APU0300710411,0.07727,oz,published
2014-10,ice_cream,APU0300710411,0.07436,oz,published
2014-11,ice_cream,APU0300710411,0.0772,oz,published
2014-12,ice_cream,APU0300710411,0.07889,oz,published
2015-01,ice_cream,APU0300710411,0.07859,oz,published
2015-02,ice_cream,APU0300710411,0.07903,oz,published
2015-03,ice_cream,APU0300710411,0.07827,oz,published
2015-04,ice_cream,APU0300710411,0.07573,oz,published
2015-05,ice_cream,APU0300710411,0.07231,oz,published
2015-06,ice_cream,APU0300710411,0.07062,oz,published
2015-07,ice_cream,APU0300710411,0.06614,oz,published
2015-08,ice_cream,APU0300710411,0.06852,oz,published
2015-09,ice_cream,APU0300710411,0.07116,oz,published
2015-10,ice_cream,APU0300710411,0.07095,oz,published
2015-11,ice_cream,APU0300710411,0.07222,oz,published
2015-12,ice_cream,APU0300710411,0.07469,oz,published
2016-01,ice_cream,APU0300710411,0.07442,oz,published
2016-02,ice_cream,APU0300710411,0.07378,oz,published
2016-03,ice_cream,APU0300710411,0.07506,oz,published
2016-04,ice_cream,APU0300710411,0.07497,oz,published
2016-05,ice_cream,APU0300710411,0.06991,oz,published
2016-06,ice_cream,APU0300710411,0.06681,oz,published
2016-07,ice_cream,APU0300710411,0.06864,oz,published
2016-08,ice_cream,APU0300710411,0.06683,oz,published
2016-09,ice_cream,APU0300710411,0.06714,oz,published
2016-10,ice_cream,APU0300710411,0.07206,oz,published
2016-11,ice_cream,APU0300710411,0.0715,oz,published
2016-12,ice_cream,APU0300710411,0.07228,oz,published
2017-01,ice_cream,APU0300710411,0.07384,oz,published
2017-02,ice_cream,APU0300710411,0.07317,oz,published
2017-03,ice_cream,APU0300710411,0.07222,oz,published
2017-04,ice_cream,APU0300710411,0.07387,oz,published
2017-05,ice_cream,APU0300710411,0.07103,oz,published
2017-06,ice_cream,APU0300710411,0.07233,oz,published
2017-07,ice_cream,APU0300710411,0.07266,oz,published
2017-08,ice_cream,APU0300710411,0.07302,oz,published
2017-09,ice_cream,APU0300710411,0.07275,oz,published
2017-10,ice_cream,APU0300710411,0.07187,oz,published
2017-11,ice_cream,APU0300710411,0.07175,oz,published
2017-12,ice_cream,APU0300710411,0.0738,oz,published
2018-01,ice_cream,APU0300710411,0.07369,oz,published
2018-02,ice_cream,APU0300710411,0.07419,oz,published
2018-03,ice_cream,APU0300710411,0.07673,oz,published
2018-04,ice_cream,APU0300710411,0.07384,oz,published
2018-05,ice_cream,APU0300710411,0.07367,oz,published
2018-06,ice_cream,APU0300710411,0.07019,oz,published
2018-07,ice_cream,APU0300710411,0.07397,oz,published
2018-08,ice_cream,APU0300710411,0.07395,oz,published
2018-09,ice_cream,APU0300710411,0.07505,oz,published
2018-10,ice_cream,APU0300710411,0.07561,oz,published
2018-11,ice_cream,APU0300710411,0.07752,oz,published
2018-12,ice_cream,APU0300710411,0.07517,oz,published
2019-01,ice_cream,APU0300710411,0.07692,oz,published
2019-02,ice_cream,APU0300710411,0.07758,oz,published
2019-03,ice_cream,APU0300710411,0.07317,oz,published
2019-04,ice_cream,APU0300710411,0.07478,oz,published
2019-05,ice_cream,APU0300710411,0.07541,oz,published
2019-06,ice_cream,APU0300710411,0.07406,oz,published
2019-07,ice_cream,APU0300710411,0.07292,oz,published
2019-08,ice_cream,APU0300710411,0.07253,oz,published
2019-09,ice_cream,APU0300710411,0.07337,oz,published
2019-10,ice_cream,APU0300710411,0.07578,oz,published
2019-11,ice_cream,APU0300710411,0.07825,oz,published
2019-12,ice_cream,APU0300710411,0.0718,oz,published
2020-01,ice_cream,APU0300710411,0.07314,oz,published
2020-02,ice_cream,APU0300710411,0.07378,oz,published
2020-03,ice_cream,APU0300710411,0.0738,oz,published
2020-04,ice_cream,APU0300710411,0.0748,oz,published
2020-05,ice_cream,APU0300710411,0.07537,oz,published
2020-06,ice_cream,APU0300710411,0.07866,oz,published
2020-07,ice_cream,APU0300710411,0.07697,oz,published
2020-08,ice_cream,APU0300710411,0.07808,oz,published
2020-09,ice_cream,APU0300710411,0.07787,oz,published
2020-10,ice_cream,APU0300710411,0.0777,oz,published
2020-11,ice_cream,APU0300710411,0.07646,oz,imputed_us
2020-12,ice_cream,APU0300710411,0.07773,oz,imputed_us
2021-01,ice_cream,APU0300710411,0.07911,oz,imputed_us
2021-02,ice_cream,APU0300710411,0.07789,oz,imputed_us
2021-03,ice_cream,APU0300710411,0.07733,oz,published
2021-04,ice_cream,APU0300710411,0.07537,oz,published
2021-05,ice_cream,APU0300710411,0.07094,oz,imputed_us
2021-06,ice_cream,APU0300710411,0.07084,oz,published
2021-07,ice_cream,APU0300710411,0.07167,oz,imputed_us
2021-08,ice_cream,APU0300710411,0.07339,oz,published
2021-09,ice_cream,APU0300710411,0.07312,oz,imputed_us
2021-10,ice_cream,APU0300710411,0.06859,oz,published
2021-11,ice_cream,APU0300710411,0.06756,oz,published
2021-12,ice_cream,APU0300710411,0.06751,oz,imputed_us
2022-01,ice_cream,APU0300710411,0.07072,oz,imputed_us
2022-02,ice_cream,APU0300710411,0.0715,oz,imputed_us
2022-03,ice_cream,APU0300710411,0.07166,oz,imputed_us
2022-04,ice_cream,APU0300710411,0.07142,oz,published
2022-05,ice_cream,APU0300710411,0.07652,oz,published
2022-06,ice_cream,APU0300710411,0.08197,oz,published
2022-07,ice_cream,APU0300710411,0.08506,oz,published
2022-08,ice_cream,APU0300710411,0.08466,oz,published
2022-09,ice_cream,APU0300710411,0.08564,oz,published
2022-10,ice_cream,APU0300710411,0.09053,oz,published
2022-11,ice_cream,APU0300710411,0.08605,oz,published
2022-12,ice_cream,APU0300710411,0.08717,oz,published
2023-01,ice_cream,APU0300710411,0.08869,oz,published
2023-02,ice_cream,APU0300710411,0.08498,oz,published
2023-03,ice_cream,APU0300710411,0.09277,oz,published
2023-04,ice_cream,APU0300710411,0.09244,oz,published
2023-05,ice_cream,APU0300710411,0.08789,oz,published
2023-06,ice_cream,APU0300710411,0.09127,oz,published
2023-07,ice_cream,APU0300710411,0.089,oz,published
2023-08,ice_cream,APU0300710411,0.09184,oz,published
2023-09,ice_cream,APU0300710411,0.09216,oz,published
2023-10,ice_cream,APU0300710411,0.09539,oz,published
2023-11,ice_cream,APU0300710411,0.09505,oz,published
2023-12,ice_cream,APU0300710411,0.09823,oz,published
2024-01,ice_cream,APU0300710411,0.09231,oz,published
2024-02,ice_cream,APU0300710411,0.09497,oz,published
2024-03,ice_cream,APU0300710411,0.09159,oz,published
2024-04,ice_cream,APU0300710411,0.10081,oz,published
2024-05,ice_cream,APU0300710411,0.0995,oz,published
2024-06,ice_cream,APU0300710411,0.09278,oz,published
2024-07,ice_cream,APU0300710411,0.09319,oz,published
2024-08,ice_cream,APU0300710411,0.10141,oz,published
2024-09,ice_cream,APU0300710411,0.10006,oz,published
2024-10,ice_cream,APU0300710411,0.10209,oz,published
2024-11,ice_cream,APU0300710411,0.09994,oz,published
2024-12,ice_cream,APU0300710411,0.09908,oz,published
2025-01,ice_cream,APU0300710411,0.10113,oz,published
2025-02,ice_cream,APU0300710411,0.09875,oz,published
2025-03,ice_cream,APU0300710411,0.096,oz,published
2025-04,ice_cream,APU0300710411,0.09842,oz,published
2025-05,ice_cream,APU0300710411,0.09959,oz,published
2025-06,ice_cream,APU0300710411,0.09717,oz,published
2025-07,ice_cream,APU0300710411,0.09573,oz,published
2025-08,ice_cream,APU0300710411,0.09825,oz,published
2025-09,ice_cream,APU0300710411,0.09638,oz,published
2025-10,ice_cream,APU0300710411,0.09638,oz,carried
2025-11,ice_cream,APU0300710411,0.09139,oz,published
2025-12,ice_cream,APU0300710411,0.09328,oz,published
2026-01,ice_cream,APU0300710411,0.09172,oz,published
2026-02,ice_cream,APU0300710411,0.09148,oz,published
2026-03,ice_cream,APU0300710411,0.08931,oz,published
2026-04,ice_cream,APU0300710411,0.0925,oz,published
2026-05,ice_cream,APU0300710411,0.09014,oz,published
2026-06,ice_cream,APU0300710411,0.08394,oz,published
2026-07,ice_cream,APU0300710411,0.07884,oz,published
2026-08,ice_cream,APU0300710411,0.08491,oz,published
2006-01,bananas,APU0300711211,0.451,lb,published
2006-02,bananas,APU0300711211,0.469,lb,published
2006-03,bananas,APU0300711211,0.445,lb,published
2006-04,bananas,APU0300711211,0.46,lb,published
2006-05,bananas,APU0300711211,0.463,lb,published
2006-06,bananas,APU0300711211,0.467,lb,published
2006-07,bananas,APU0300711211,0.462,lb,published
2006-08,bananas,APU0300711211,0.442,lb,published
2006-09,bananas,APU0300711211,0.439,lb,published
2006-10,bananas,APU0300711211,0.454,lb,published
2006-11,bananas,APU0300711211,0.457,lb,published
2006-12,bananas,APU0300711211,0.452,lb,published
2007-01,bananas,APU0300711211,0.47,lb,published
2007-02,bananas,APU0300711211,0.462,lb,published
2007-03,bananas,APU0300711211,0.475,lb,published
2007-04,bananas,APU0300711211,0.469,lb,published
2007-05,bananas,APU0300711211,0.463,lb,published
2007-06,bananas,APU0300711211,0.462,lb,published
2007-07,bananas,APU0300711211,0.46,lb,published
2007-08,bananas,APU0300711211,0.461,lb,published
2007-09,bananas,APU0300711211,0.466,lb,published
2007-10,bananas,APU0300711211,0.476,lb,published
2007-11,bananas,APU0300711211,0.483,lb,published
2007-12,bananas,APU0300711211,0.498,lb,published
2008-01,bananas,APU0300711211,0.485,lb,published
2008-02,bananas,APU0300711211,0.499,lb,published
2008-03,bananas,APU0300711211,0.555,lb,published
2008-04,bananas,APU0300711211,0.58,lb,published
2008-05,bananas,APU0300711211,0.596,lb,published
2008-06,bananas,APU0300711211,0.606,lb,published
2008-07,bananas,APU0300711211,0.61,lb,published
2008-08,bananas,APU0300711211,0.61,lb,published
2008-09,bananas,APU0300711211,0.621,lb,published
2008-10,bananas,APU0300711211,0.614,lb,published
2008-11,bananas,APU0300711211,0.614,lb,published
2008-12,bananas,APU0300711211,0.612,lb,published
2009-01,bananas,APU0300711211,0.612,lb,published
2009-02,bananas,APU0300711211,0.604,lb,published
2009-03,bananas,APU0300711211,0.608,lb,published
2009-04,bananas,APU0300711211,0.605,lb,published
2009-05,bananas,APU0300711211,0.602,lb,published
2009-06,bananas,APU0300711211,0.6,lb,published
2009-07,bananas,APU0300711211,0.59,lb,published
2009-08,bananas,APU0300711211,0.592,lb,published
2009-09,bananas,APU0300711211,0.586,lb,published
2009-10,bananas,APU0300711211,0.581,lb,published
2009-11,bananas,APU0300711211,0.528,lb,published
2009-12,bananas,APU0300711211,0.56,lb,published
2010-01,bananas,APU0300711211,0.575,lb,published
2010-02,bananas,APU0300711211,0.559,lb,published
2010-03,bananas,APU0300711211,0.549,lb,published
2010-04,bananas,APU0300711211,0.557,lb,published
2010-05,bananas,APU0300711211,0.553,lb,published
2010-06,bananas,APU0300711211,0.552,lb,published
2010-07,bananas,APU0300711211,0.553,lb,published
2010-08,bananas,APU0300711211,0.547,lb,published
2010-09,bananas,APU0300711211,0.549,lb,published
2010-10,bananas,APU0300711211,0.549,lb,published
2010-11,bananas,APU0300711211,0.549,lb,published
2010-12,bananas,APU0300711211,0.547,lb,published
2011-01,bananas,APU0300711211,0.548,lb,published
2011-02,bananas,APU0300711211,0.571,lb,published
2011-03,bananas,APU0300711211,0.573,lb,published
2011-04,bananas,APU0300711211,0.577,lb,published
2011-05,bananas,APU0300711211,0.572,lb,published
2011-06,bananas,APU0300711211,0.564,lb,published
2011-07,bananas,APU0300711211,0.572,lb,published
2011-08,bananas,APU0300711211,0.58,lb,published
2011-09,bananas,APU0300711211,0.583,lb,published
2011-10,bananas,APU0300711211,0.582,lb,published
2011-11,bananas,APU0300711211,0.571,lb,published
2011-12,bananas,APU0300711211,0.57,lb,published
2012-01,bananas,APU0300711211,0.569,lb,published
2012-02,bananas,APU0300711211,0.569,lb,published
2012-03,bananas,APU0300711211,0.567,lb,published
2012-04,bananas,APU0300711211,0.568,lb,published
2012-05,bananas,APU0300711211,0.571,lb,published
2012-06,bananas,APU0300711211,0.567,lb,published
2012-07,bananas,APU0300711211,0.573,lb,published
2012-08,bananas,APU0300711211,0.566,lb,published
2012-09,bananas,APU0300711211,0.563,lb,published
2012-10,bananas,APU0300711211,0.575,lb,published
2012-11,bananas,APU0300711211,0.565,lb,published
2012-12,bananas,APU0300711211,0.566,lb,published
2013-01,bananas,APU0300711211,0.573,lb,published
2013-02,bananas,APU0300711211,0.572,lb,published
2013-03,bananas,APU0300711211,0.57,lb,published
2013-04,bananas,APU0300711211,0.567,lb,published
2013-05,bananas,APU0300711211,0.569,lb,published
2013-06,bananas,APU0300711211,0.572,lb,published
2013-07,bananas,APU0300711211,0.569,lb,published
2013-08,bananas,APU0300711211,0.565,lb,published
2013-09,bananas,APU0300711211,0.57,lb,published
2013-10,bananas,APU0300711211,0.558,lb,published
2013-11,bananas,APU0300711211,0.556,lb,published
2013-12,bananas,APU0300711211,0.551,lb,published
2014-01,bananas,APU0300711211,0.561,lb,published
2014-02,bananas,APU0300711211,0.556,lb,published
2014-03,bananas,APU0300711211,0.553,lb,published
2014-04,bananas,APU0300711211,0.558,lb,published
2014-05,bananas,APU0300711211,0.561,lb,published
2014-06,bananas,APU0300711211,0.563,lb,published
2014-07,bananas,APU0300711211,0.561,lb,published
2014-08,bananas,APU0300711211,0.566,lb,published
2014-09,bananas,APU0300711211,0.572,lb,published
2014-10,bananas,APU0300711211,0.566,lb,published
2014-11,bananas,APU0300711211,0.57,lb,published
2014-12,bananas,APU0300711211,0.57,lb,published
2015-01,bananas,APU0300711211,0.574,lb,published
2015-02,bananas,APU0300711211,0.57,lb,published
2015-03,bananas,APU0300711211,0.57,lb,published
2015-04,bananas,APU0300711211,0.571,lb,published
2015-05,bananas,APU0300711211,0.575,lb,published
2015-06,bananas,APU0300711211,0.574,lb,published
2015-07,bananas,APU0300711211,0.572,lb,published
2015-08,bananas,APU0300711211,0.573,lb,published
2015-09,bananas,APU0300711211,0.564,lb,published
2015-10,bananas,APU0300711211,0.573,lb,published
2015-11,bananas,APU0300711211,0.585,lb,published
2015-12,bananas,APU0300711211,0.583,lb,published
2016-01,bananas,APU0300711211,0.585,lb,published
2016-02,bananas,APU0300711211,0.565,lb,published
2016-03,bananas,APU0300711211,0.581,lb,published
2016-04,bananas,APU0300711211,0.573,lb,published
2016-05,bananas,APU0300711211,0.567,lb,published
2016-06,bananas,APU0300711211,0.552,lb,published
2016-07,bananas,APU0300711211,0.556,lb,published
2016-08,bananas,APU0300711211,0.557,lb,published
2016-09,bananas,APU0300711211,0.567,lb,published
2016-10,bananas,APU0300711211,0.568,lb,published
2016-11,bananas,APU0300711211,0.569,lb,published
2016-12,bananas,APU0300711211,0.564,lb,published
2017-01,bananas,APU0300711211,0.563,lb,published
2017-02,bananas,APU0300711211,0.553,lb,published
2017-03,bananas,APU0300711211,0.549,lb,published
2017-04,bananas,APU0300711211,0.549,lb,published
2017-05,bananas,APU0300711211,0.548,lb,published
2017-06,bananas,APU0300711211,0.557,lb,published
2017-07,bananas,APU0300711211,0.544,lb,published
2017-08,bananas,APU0300711211,0.538,lb,published
2017-09,bananas,APU0300711211,0.53,lb,published
2017-10,bananas,APU0300711211,0.543,lb,published
2017-11,bananas,APU0300711211,0.533,lb,published
2017-12,bananas,APU0300711211,0.544,lb,published
2018-01,bananas,APU0300711211,0.548,lb,published
2018-02,bananas,APU0300711211,0.552,lb,published
2018-03,bananas,APU0300711211,0.55,lb,published
2018-04,bananas,APU0300711211,0.559,lb,published
2018-05,bananas,APU0300711211,0.558,lb,published
2018-06,bananas,APU0300711211,0.549,lb,published
2018-07,bananas,APU0300711211,0.552,lb,published
2018-08,bananas,APU0300711211,0.541,lb,published
2018-09,bananas,APU0300711211,0.551,lb,published
2018-10,bananas,APU0300711211,0.551,lb,published
2018-11,bananas,APU0300711211,0.551,lb,published
2018-12,bananas,APU0300711211,0.553,lb,published
2019-01,bananas,APU0300711211,0.55,lb,published
2019-02,bananas,APU0300711211,0.554,lb,published
2019-03,bananas,APU0300711211,0.56,lb,published
2019-04,bananas,APU0300711211,0.556,lb,published
2019-05,bananas,APU0300711211,0.556,lb,published
2019-06,bananas,APU0300711211,0.557,lb,published
2019-07,bananas,APU0300711211,0.557,lb,published
2019-08,bananas,APU0300711211,0.559,lb,published
2019-09,bananas,APU0300711211,0.553,lb,published
2019-10,bananas,APU0300711211,0.558,lb,published
2019-11,bananas,APU0300711211,0.561,lb,published
2019-12,bananas,APU0300711211,0.554,lb,published
2020-01,bananas,APU0300711211,0.556,lb,published
2020-02,bananas,APU0300711211,0.555,lb,published
2020-03,bananas,APU0300711211,0.556,lb,published
2020-04,bananas,APU0300711211,0.56083,lb,imputed_us
2020-05,bananas,APU0300711211,0.588,lb,published
2020-06,bananas,APU0300711211,0.588,lb,published
2020-07,bananas,APU0300711211,0.585,lb,published
2020-08,bananas,APU0300711211,0.578,lb,published
2020-09,bananas,APU0300711211,0.567,lb,published
2020-10,bananas,APU0300711211,0.563,lb,published
2020-11,bananas,APU0300711211,0.559,lb,published
2020-12,bananas,APU0300711211,0.549,lb,published
2021-01,bananas,APU0300711211,0.576,lb,published
2021-02,bananas,APU0300711211,0.575,lb,published
2021-03,bananas,APU0300711211,0.576,lb,published
2021-04,bananas,APU0300711211,0.581,lb,published
2021-05,bananas,APU0300711211,0.581,lb,published
2021-06,bananas,APU0300711211,0.582,lb,published
2021-07,bananas,APU0300711211,0.574,lb,published
2021-08,bananas,APU0300711211,0.576,lb,published
2021-09,bananas,APU0300711211,0.597,lb,published
2021-10,bananas,APU0300711211,0.593,lb,published
2021-11,bananas,APU0300711211,0.603,lb,published
2021-12,bananas,APU0300711211,0.602,lb,published
2022-01,bananas,APU0300711211,0.612,lb,published
2022-02,bananas,APU0300711211,0.6,lb,published
2022-03,bananas,APU0300711211,0.625,lb,published
2022-04,bananas,APU0300711211,0.616,lb,published
2022-05,bananas,APU0300711211,0.614,lb,published
2022-06,bananas,APU0300711211,0.617,lb,published
2022-07,bananas,APU0300711211,0.609,lb,published
2022-08,bananas,APU0300711211,0.608,lb,published
2022-09,bananas,APU0300711211,0.601,lb,published
2022-10,bananas,APU0300711211,0.594,lb,published
2022-11,bananas,APU0300711211,0.603,lb,published
2022-12,bananas,APU0300711211,0.604,lb,published
2023-01,bananas,APU0300711211,0.615,lb,published
2023-02,bananas,APU0300711211,0.612,lb,published
2023-03,bananas,APU0300711211,0.607,lb,published
2023-04,bananas,APU0300711211,0.6,lb,published
2023-05,bananas,APU0300711211,0.596,lb,published
2023-06,bananas,APU0300711211,0.59,lb,published
2023-07,bananas,APU0300711211,0.596,lb,published
2023-08,bananas,APU0300711211,0.594,lb,published
2023-09,bananas,APU0300711211,0.598,lb,published
2023-10,bananas,APU0300711211,0.604,lb,published
2023-11,bananas,APU0300711211,0.599,lb,published
2023-12,bananas,APU0300711211,0.605,lb,published
2024-01,bananas,APU0300711211,0.593,lb,published
2024-02,bananas,APU0300711211,0.605,lb,published
2024-03,bananas,APU0300711211,0.608,lb,published
2024-04,bananas,APU0300711211,0.6,lb,published
2024-05,bananas,APU0300711211,0.608,lb,published
2024-06,bananas,APU0300711211,0.605,lb,published
2024-07,bananas,APU0300711211,0.589,lb,published
2024-08,bananas,APU0300711211,0.593,lb,published
2024-09,bananas,APU0300711211,0.605,lb,published
2024-10,bananas,APU0300711211,0.606,lb,published
2024-11,bananas,APU0300711211,0.604,lb,published
2024-12,bananas,APU0300711211,0.6,lb,published
2025-01,bananas,APU0300711211,0.6,lb,published
2025-02,bananas,APU0300711211,0.595,lb,published
2025-03,bananas,APU0300711211,0.599,lb,published
2025-04,bananas,APU0300711211,0.617,lb,published
2025-05,bananas,APU0300711211,0.64,lb,published
2025-06,bananas,APU0300711211,0.649,lb,published
2025-07,bananas,APU0300711211,0.648,lb,published
2025-08,bananas,APU0300711211,0.645,lb,published
2025-09,bananas,APU0300711211,0.65,lb,published
2025-10,bananas,APU0300711211,0.65,lb,carried
2025-11,bananas,APU0300711211,0.627,lb,published
2025-12,bananas,APU0300711211,0.613,lb,published
2026-01,bananas,APU0300711211,0.614,lb,published
2026-02,bananas,APU0300711211,0.612,lb,published
2026-03,bananas,APU0300711211,0.617,lb,published
2026-04,bananas,APU0300711211,0.609,lb,published
2026-05,bananas,APU0300711211,0.6,lb,published
2026-06,bananas,APU0300711211,0.61,lb,published
2026-07,bananas,APU0300711211,0.617,lb,published
2026-08,bananas,APU0300711211,0.616,lb,published
2006-01,oranges,APU0300711311,0.91,lb,published
2006-02,oranges,APU0300711311,1.0,lb,published
2006-03,oranges,APU0300711311,0.974,lb,published
2006-04,oranges,APU0300711311,1.003,lb,published
2006-05,oranges,APU0300711311,1.097,lb,published
2006-06,oranges,APU0300711311,1.15,lb,published
2006-07,oranges,APU0300711311,1.361,lb,published
2006-08,oranges,APU0300711311,1.445,lb,published
2006-09,oranges,APU0300711311,1.45895,lb,imputed_basket
2006-10,oranges,APU0300711311,1.39992,lb,imputed_us
2006-11,oranges,APU0300711311,1.26,lb,published
2006-12,oranges,APU0300711311,1.03,lb,published
2007-01,oranges,APU0300711311,1.124,lb,published
2007-02,oranges,APU0300711311,1.375,lb,published
2007-03,oranges,APU0300711311,1.409,lb,published
2007-04,oranges,APU0300711311,1.306,lb,published
2007-05,oranges,APU0300711311,1.187,lb,published
2007-06,oranges,APU0300711311,1.328,lb,published
2007-07,oranges,APU0300711311,1.34949,lb,imputed_basket
2007-08,oranges,APU0300711311,1.38282,lb,imputed_basket
2007-09,oranges,APU0300711311,1.38558,lb,imputed_us
2007-10,oranges,APU0300711311,1.568,lb,published
2007-11,oranges,APU0300711311,1.253,lb,published
2007-12,oranges,APU0300711311,1.083,lb,published
2008-01,oranges,APU0300711311,1.085,lb,published
2008-02,oranges,APU0300711311,1.047,lb,published
2008-03,oranges,APU0300711311,0.989,lb,published
2008-04,oranges,APU0300711311,1.061,lb,published
2008-05,oranges,APU0300711311,1.083,lb,published
2008-06,oranges,APU0300711311,1.233,lb,published
2008-07,oranges,APU0300711311,1.43,lb,published
2008-08,oranges,APU0300711311,1.571,lb,published
2008-09,oranges,APU0300711311,1.672,lb,published
2008-10,oranges,APU0300711311,1.572,lb,published
2008-11,oranges,APU0300711311,1.227,lb,published
2008-12,oranges,APU0300711311,1.089,lb,published
2009-01,oranges,APU0300711311,1.027,lb,published
2009-02,oranges,APU0300711311,1.067,lb,published
2009-03,oranges,APU0300711311,0.992,lb,published
2009-04,oranges,APU0300711311,0.974,lb,published
2009-05,oranges,APU0300711311,1.065,lb,published
2009-06,oranges,APU0300711311,1.127,lb,published
2009-07,oranges,APU0300711311,1.256,lb,published
2009-08,oranges,APU0300711311,1.28,lb,published
2009-09,oranges,APU0300711311,1.313,lb,published
2009-10,oranges,APU0300711311,1.269,lb,published
2009-11,oranges,APU0300711311,1.143,lb,published
2009-12,oranges,APU0300711311,1.057,lb,published
2010-01,oranges,APU0300711311,1.047,lb,published
2010-02,oranges,APU0300711311,0.892,lb,published
2010-03,oranges,APU0300711311,0.881,lb,published
2010-04,oranges,APU0300711311,0.95,lb,published
2010-05,oranges,APU0300711311,1.028,lb,published
2010-06,oranges,APU0300711311,1.089,lb,published
2010-07,oranges,APU0300711311,1.195,lb,published
2010-08,oranges,APU0300711311,1.295,lb,published
2010-09,oranges,APU0300711311,1.322,lb,published
2010-10,oranges,APU0300711311,1.391,lb,published
2010-11,oranges,APU0300711311,1.276,lb,published
2010-12,oranges,APU0300711311,0.94,lb,published
2011-01,oranges,APU0300711311,0.916,lb,published
2011-02,oranges,APU0300711311,1.03,lb,published
2011-03,oranges,APU0300711311,1.068,lb,published
2011-04,oranges,APU0300711311,0.997,lb,published
2011-05,oranges,APU0300711311,0.981,lb,published
2011-06,oranges,APU0300711311,1.071,lb,published
2011-07,oranges,APU0300711311,1.151,lb,published
2011-08,oranges,APU0300711311,1.436,lb,published
2011-09,oranges,APU0300711311,1.398,lb,published
2011-10,oranges,APU0300711311,1.28,lb,published
2011-11,oranges,APU0300711311,1.227,lb,published
2011-12,oranges,APU0300711311,1.039,lb,published
2012-01,oranges,APU0300711311,1.066,lb,published
2012-02,oranges,APU0300711311,1.027,lb,published
2012-03,oranges,APU0300711311,1.027,lb,published
2012-04,oranges,APU0300711311,1.035,lb,published
2012-05,oranges,APU0300711311,1.047,lb,published
2012-06,oranges,APU0300711311,1.083,lb,published
2012-07,oranges,APU0300711311,1.213,lb,published
2012-08,oranges,APU0300711311,1.394,lb,published
2012-09,oranges,APU0300711311,1.318,lb,published
2012-10,oranges,APU0300711311,1.24,lb,published
2012-11,oranges,APU0300711311,1.181,lb,published
2012-12,oranges,APU0300711311,1.159,lb,published
2013-01,oranges,APU0300711311,1.052,lb,published
2013-02,oranges,APU0300711311,1.033,lb,published
2013-03,oranges,APU0300711311,1.005,lb,published
2013-04,oranges,APU0300711311,1.006,lb,published
2013-05,oranges,APU0300711311,1.082,lb,published
2013-06,oranges,APU0300711311,1.162,lb,published
2013-07,oranges,APU0300711311,1.257,lb,published
2013-08,oranges,APU0300711311,1.4,lb,published
2013-09,oranges,APU0300711311,1.4,lb,published
2013-10,oranges,APU0300711311,1.385,lb,published
2013-11,oranges,APU0300711311,1.222,lb,published
2013-12,oranges,APU0300711311,1.196,lb,published
2014-01,oranges,APU0300711311,1.135,lb,published
2014-02,oranges,APU0300711311,1.212,lb,published
2014-03,oranges,APU0300711311,1.229,lb,published
2014-04,oranges,APU0300711311,1.202,lb,published
2014-05,oranges,APU0300711311,1.236,lb,published
2014-06,oranges,APU0300711311,1.216,lb,published
2014-07,oranges,APU0300711311,1.308,lb,published
2014-08,oranges,APU0300711311,1.354,lb,published
2014-09,oranges,APU0300711311,1.45,lb,published
2014-10,oranges,APU0300711311,1.438,lb,published
2014-11,oranges,APU0300711311,1.288,lb,published
2014-12,oranges,APU0300711311,1.223,lb,published
2015-01,oranges,APU0300711311,1.26,lb,published
2015-02,oranges,APU0300711311,1.137,lb,published
2015-03,oranges,APU0300711311,1.195,lb,published
2015-04,oranges,APU0300711311,1.103,lb,published
2015-05,oranges,APU0300711311,1.126,lb,published
2015-06,oranges,APU0300711311,1.251,lb,published
2015-07,oranges,APU0300711311,1.369,lb,published
2015-08,oranges,APU0300711311,1.465,lb,published
2015-09,oranges,APU0300711311,1.443,lb,published
2015-10,oranges,APU0300711311,1.427,lb,published
2015-11,oranges,APU0300711311,1.281,lb,published
2015-12,oranges,APU0300711311,1.174,lb,published
2016-01,oranges,APU0300711311,1.09,lb,published
2016-02,oranges,APU0300711311,1.189,lb,published
2016-03,oranges,APU0300711311,1.156,lb,published
2016-04,oranges,APU0300711311,1.108,lb,published
2016-05,oranges,APU0300711311,1.098,lb,published
2016-06,oranges,APU0300711311,1.13,lb,published
2016-07,oranges,APU0300711311,1.203,lb,published
2016-08,oranges,APU0300711311,1.322,lb,published
2016-09,oranges,APU0300711311,1.431,lb,published
2016-10,oranges,APU0300711311,1.404,lb,published
2016-11,oranges,APU0300711311,1.251,lb,published
2016-12,oranges,APU0300711311,1.184,lb,published
2017-01,oranges,APU0300711311,1.154,lb,published
2017-02,oranges,APU0300711311,1.148,lb,published
2017-03,oranges,APU0300711311,1.167,lb,published
2017-04,oranges,APU0300711311,1.146,lb,published
2017-05,oranges,APU0300711311,1.188,lb,published
2017-06,oranges,APU0300711311,1.288,lb,published
2017-07,oranges,APU0300711311,1.421,lb,published
2017-08,oranges,APU0300711311,1.371,lb,published
2017-09,oranges,APU0300711311,1.37,lb,published
2017-10,oranges,APU0300711311,1.47182,lb,imputed_us
2017-11,oranges,APU0300711311,1.495,lb,published
2017-12,oranges,APU0300711311,1.272,lb,published
2018-01,oranges,APU0300711311,1.275,lb,published
2018-02,oranges,APU0300711311,1.258,lb,published
2018-03,oranges,APU0300711311,1.247,lb,published
2018-04,oranges,APU0300711311,1.211,lb,published
2018-05,oranges,APU0300711311,1.265,lb,published
2018-06,oranges,APU0300711311,1.354,lb,published
2018-07,oranges,APU0300711311,1.415,lb,published
2018-08,oranges,APU0300711311,1.456,lb,published
2018-09,oranges,APU0300711311,1.423,lb,published
2018-10,oranges,APU0300711311,1.435,lb,published
2018-11,oranges,APU0300711311,1.405,lb,published
2018-12,oranges,APU0300711311,1.295,lb,published
2019-01,oranges,APU0300711311,1.287,lb,published
2019-02,oranges,APU0300711311,1.254,lb,published
2019-03,oranges,APU0300711311,1.262,lb,published
2019-04,oranges,APU0300711311,1.205,lb,published
2019-05,oranges,APU0300711311,1.245,lb,published
2019-06,oranges,APU0300711311,1.191,lb,published
2019-07,oranges,APU0300711311,1.384,lb,published
2019-08,oranges,APU0300711311,1.405,lb,published
2019-09,oranges,APU0300711311,1.331,lb,published
2019-10,oranges,APU0300711311,1.341,lb,published
2019-11,oranges,APU0300711311,1.402,lb,published
2019-12,oranges,APU0300711311,1.327,lb,published
2020-01,oranges,APU0300711311,1.241,lb,published
2020-02,oranges,APU0300711311,1.219,lb,published
2020-03,oranges,APU0300711311,1.175,lb,published
2020-04,oranges,APU0300711311,1.24439,lb,imputed_basket
2020-05,oranges,APU0300711311,1.24486,lb,imputed_basket
2020-06,oranges,APU0300711311,1.33444,lb,imputed_us
2020-07,oranges,APU0300711311,1.30792,lb,imputed_basket
2020-08,oranges,APU0300711311,1.30488,lb,imputed_basket
2020-09,oranges,APU0300711311,1.2959,lb,imputed_basket
2020-10,oranges,APU0300711311,1.29815,lb,imputed_basket
2020-11,oranges,APU0300711311,1.32453,lb,imputed_basket
2020-12,oranges,APU0300711311,1.31746,lb,imputed_basket
2021-01,oranges,APU0300711311,1.29169,lb,imputed_us
2021-02,oranges,APU0300711311,1.30953,lb,imputed_us
2021-03,oranges,APU0300711311,1.25501,lb,imputed_us
2021-04,oranges,APU0300711311,1.30854,lb,imputed_us
2021-05,oranges,APU0300711311,1.233,lb,published
2021-06,oranges,APU0300711311,1.26764,lb,imputed_us
2021-07,oranges,APU0300711311,1.27451,lb,imputed_basket
2021-08,oranges,APU0300711311,1.28305,lb,imputed_basket
2021-09,oranges,APU0300711311,1.29376,lb,imputed_basket
2021-10,oranges,APU0300711311,1.31553,lb,imputed_basket
2021-11,oranges,APU0300711311,1.27138,lb,imputed_us
2021-12,oranges,APU0300711311,1.507,lb,published
2022-01,oranges,APU0300711311,1.48514,lb,imputed_us
2022-02,oranges,APU0300711311,1.463,lb,published
2022-03,oranges,APU0300711311,1.536,lb,published
2022-04,oranges,APU0300711311,1.453,lb,published
2022-05,oranges,APU0300711311,1.506,lb,published
2022-06,oranges,APU0300711311,1.664,lb,published
2022-07,oranges,APU0300711311,1.664,lb,published
2022-08,oranges,APU0300711311,1.678,lb,published
2022-09,oranges,APU0300711311,1.725,lb,published
2022-10,oranges,APU0300711311,1.669,lb,published
2022-11,oranges,APU0300711311,1.593,lb,published
2022-12,oranges,APU0300711311,1.506,lb,published
2023-01,oranges,APU0300711311,1.537,lb,published
2023-02,oranges,APU0300711311,1.555,lb,published
2023-03,oranges,APU0300711311,1.513,lb,published
2023-04,oranges,APU0300711311,1.572,lb,published
2023-05,oranges,APU0300711311,1.505,lb,published
2023-06,oranges,APU0300711311,1.573,lb,published
2023-07,oranges,APU0300711311,1.66,lb,published
2023-08,oranges,APU0300711311,1.647,lb,published
2023-09,oranges,APU0300711311,1.68,lb,published
2023-10,oranges,APU0300711311,1.767,lb,published
2023-11,oranges,APU0300711311,1.754,lb,published
2023-12,oranges,APU0300711311,1.662,lb,published
2024-01,oranges,APU0300711311,1.568,lb,published
2024-02,oranges,APU0300711311,1.637,lb,published
2024-03,oranges,APU0300711311,1.573,lb,published
2024-04,oranges,APU0300711311,1.445,lb,published
2024-05,oranges,APU0300711311,1.638,lb,published
2024-06,oranges,APU0300711311,1.652,lb,published
2024-07,oranges,APU0300711311,1.7,lb,published
2024-08,oranges,APU0300711311,1.776,lb,published
2024-09,oranges,APU0300711311,1.762,lb,published
2024-10,oranges,APU0300711311,1.889,lb,published
2024-11,oranges,APU0300711311,1.8,lb,published
2024-12,oranges,APU0300711311,1.677,lb,published
2025-01,oranges,APU0300711311,1.595,lb,published
2025-02,oranges,APU0300711311,1.556,lb,published
2025-03,oranges,APU0300711311,1.591,lb,published
2025-04,oranges,APU0300711311,1.575,lb,published
2025-05,oranges,APU0300711311,1.65,lb,published
2025-06,oranges,APU0300711311,1.693,lb,published
2025-07,oranges,APU0300711311,1.75,lb,published
2025-08,oranges,APU0300711311,1.756,lb,published
2025-09,oranges,APU0300711311,1.868,lb,published
2025-10,oranges,APU0300711311,1.868,lb,carried
2025-11,oranges,APU0300711311,1.868,lb,carried
2025-12,oranges,APU0300711311,1.572,lb,published
2026-01,oranges,APU0300711311,1.469,lb,published
2026-02,oranges,APU0300711311,1.446,lb,published
2026-03,oranges,APU0300711311,1.431,lb,published
2026-04,oranges,APU0300711311,1.522,lb,published
2026-05,oranges,APU0300711311,1.556,lb,published
2026-06,oranges,APU0300711311,1.513,lb,published
2026-07,oranges,APU0300711311,1.49354,lb,imputed_basket
2026-08,oranges,APU0300711311,1.645,lb,published
2006-01,strawberries,APU0300711415,3.108,lb,published
2006-02,strawberries,APU0300711415,2.59733,lb,published
2006-03,strawberries,APU0300711415,2.15333,lb,published
2006-04,strawberries,APU0300711415,2.164,lb,published
2006-05,strawberries,APU0300711415,2.16667,lb,published
2006-06,strawberries,APU0300711415,2.20133,lb,published
2006-07,strawberries,APU0300711415,2.256,lb,published
2006-08,strawberries,APU0300711415,2.22533,lb,published
2006-09,strawberries,APU0300711415,2.39867,lb,published
2006-10,strawberries,APU0300711415,2.86133,lb,published
2006-11,strawberries,APU0300711415,2.85733,lb,published
2006-12,strawberries,APU0300711415,3.532,lb,published
2007-01,strawberries,APU0300711415,3.01467,lb,published
2007-02,strawberries,APU0300711415,3.0,lb,published
2007-03,strawberries,APU0300711415,2.79067,lb,published
2007-04,strawberries,APU0300711415,2.076,lb,published
2007-05,strawberries,APU0300711415,2.13733,lb,published
2007-06,strawberries,APU0300711415,2.19467,lb,published
2007-07,strawberries,APU0300711415,2.24933,lb,published
2007-08,strawberries,APU0300711415,2.44,lb,published
2007-09,strawberries,APU0300711415,2.72267,lb,published
2007-10,strawberries,APU0300711415,2.88133,lb,published
2007-11,strawberries,APU0300711415,3.45867,lb,published
2007-12,strawberries,APU0300711415,3.72533,lb,published
2008-01,strawberries,APU0300711415,3.81733,lb,published
2008-02,strawberries,APU0300711415,3.49867,lb,published
2008-03,strawberries,APU0300711415,2.62933,lb,published
2008-04,strawberries,APU0300711415,2.276,lb,published
2008-05,strawberries,APU0300711415,2.32933,lb,published
2008-06,strawberries,APU0300711415,2.45867,lb,published
2008-07,strawberries,APU0300711415,2.548,lb,published
2008-08,strawberries,APU0300711415,2.692,lb,published
2008-09,strawberries,APU0300711415,2.91067,lb,published
2008-10,strawberries,APU0300711415,3.05733,lb,published
2008-11,strawberries,APU0300711415,3.28133,lb,published
2008-12,strawberries,APU0300711415,3.84133,lb,published
2009-01,strawberries,APU0300711415,3.176,lb,published
2009-02,strawberries,APU0300711415,3.07467,lb,published
2009-03,strawberries,APU0300711415,2.59867,lb,published
2009-04,strawberries,APU0300711415,2.27733,lb,published
2009-05,strawberries,APU0300711415,2.27467,lb,published
2009-06,strawberries,APU0300711415,2.132,lb,published
2009-07,strawberries,APU0300711415,2.184,lb,published
2009-08,strawberries,APU0300711415,2.31067,lb,published
2009-09,strawberries,APU0300711415,2.52267,lb,published
2009-10,strawberries,APU0300711415,2.86533,lb,published
2009-11,strawberries,APU0300711415,3.29467,lb,published
2009-12,strawberries,APU0300711415,3.29867,lb,published
2010-01,strawberries,APU0300711415,3.34267,lb,published
2010-02,strawberries,APU0300711415,3.19067,lb,published
2010-03,strawberries,APU0300711415,2.848,lb,published
2010-04,strawberries,APU0300711415,2.048,lb,published
2010-05,strawberries,APU0300711415,2.272,lb,published
2010-06,strawberries,APU0300711415,2.27067,lb,published
2010-07,strawberries,APU0300711415,2.14933,lb,published
2010-08,strawberries,APU0300711415,2.18667,lb,published
2010-09,strawberries,APU0300711415,2.55733,lb,published
2010-10,strawberries,APU0300711415,2.768,lb,published
2010-11,strawberries,APU0300711415,3.31067,lb,published
2010-12,strawberries,APU0300711415,3.83333,lb,published
2011-01,strawberries,APU0300711415,3.516,lb,published
2011-02,strawberries,APU0300711415,3.13467,lb,published
2011-03,strawberries,APU0300711415,2.304,lb,published
2011-04,strawberries,APU0300711415,2.27467,lb,published
2011-05,strawberries,APU0300711415,2.23333,lb,published
2011-06,strawberries,APU0300711415,2.17333,lb,published
2011-07,strawberries,APU0300711415,2.07733,lb,published
2011-08,strawberries,APU0300711415,2.43067,lb,published
2011-09,strawberries,APU0300711415,2.556,lb,published
2011-10,strawberries,APU0300711415,2.668,lb,published
2011-11,strawberries,APU0300711415,3.17867,lb,published
2011-12,strawberries,APU0300711415,3.22667,lb,published
2012-01,strawberries,APU0300711415,2.69867,lb,published
2012-02,strawberries,APU0300711415,2.372,lb,published
2012-03,strawberries,APU0300711415,2.21867,lb,published
2012-04,strawberries,APU0300711415,2.272,lb,published
2012-05,strawberries,APU0300711415,2.00267,lb,published
2012-06,strawberries,APU0300711415,2.12267,lb,published
2012-07,strawberries,APU0300711415,1.972,lb,published
2012-08,strawberries,APU0300711415,2.02533,lb,published
2012-09,strawberries,APU0300711415,2.25867,lb,published
2012-10,strawberries,APU0300711415,2.40133,lb,published
2012-11,strawberries,APU0300711415,2.96,lb,published
2012-12,strawberries,APU0300711415,3.47333,lb,published
2013-01,strawberries,APU0300711415,2.66133,lb,published
2013-02,strawberries,APU0300711415,2.40667,lb,published
2013-03,strawberries,APU0300711415,2.34933,lb,published
2013-04,strawberries,APU0300711415,2.28267,lb,published
2013-05,strawberries,APU0300711415,2.148,lb,published
2013-06,strawberries,APU0300711415,2.088,lb,published
2013-07,strawberries,APU0300711415,2.12267,lb,published
2013-08,strawberries,APU0300711415,2.188,lb,published
2013-09,strawberries,APU0300711415,2.64933,lb,published
2013-10,strawberries,APU0300711415,2.60723,lb,imputed_basket
2013-11,strawberries,APU0300711415,3.12133,lb,published
2013-12,strawberries,APU0300711415,3.57705,lb,imputed_us
2014-01,strawberries,APU0300711415,3.27067,lb,published
2014-02,strawberries,APU0300711415,2.50933,lb,published
2014-03,strawberries,APU0300711415,2.24133,lb,published
2014-04,strawberries,APU0300711415,2.12,lb,published
2014-05,strawberries,APU0300711415,2.14533,lb,published
2014-06,strawberries,APU0300711415,2.116,lb,published
2014-07,strawberries,APU0300711415,2.21067,lb,published
2014-08,strawberries,APU0300711415,2.376,lb,published
2014-09,strawberries,APU0300711415,2.828,lb,published
2014-10,strawberries,APU0300711415,3.12933,lb,published
2014-11,strawberries,APU0300711415,3.412,lb,published
2014-12,strawberries,APU0300711415,4.01067,lb,published
2015-01,strawberries,APU0300711415,3.01467,lb,published
2015-02,strawberries,APU0300711415,2.46533,lb,published
2015-03,strawberries,APU0300711415,1.95333,lb,published
2015-04,strawberries,APU0300711415,2.08533,lb,published
2015-05,strawberries,APU0300711415,2.50667,lb,published
2015-06,strawberries,APU0300711415,2.196,lb,published
2015-07,strawberries,APU0300711415,2.232,lb,published
2015-08,strawberries,APU0300711415,2.48267,lb,published
2015-09,strawberries,APU0300711415,2.98267,lb,published
2015-10,strawberries,APU0300711415,3.03733,lb,published
2015-11,strawberries,APU0300711415,3.01364,lb,imputed_basket
2015-12,strawberries,APU0300711415,4.15333,lb,published
2016-01,strawberries,APU0300711415,3.46267,lb,published
2016-02,strawberries,APU0300711415,3.592,lb,published
2016-03,strawberries,APU0300711415,2.65067,lb,published
2016-04,strawberries,APU0300711415,2.75333,lb,published
2016-05,strawberries,APU0300711415,2.692,lb,published
2016-06,strawberries,APU0300711415,2.452,lb,published
2016-07,strawberries,APU0300711415,2.33333,lb,published
2016-08,strawberries,APU0300711415,2.69467,lb,published
2016-09,strawberries,APU0300711415,2.64533,lb,published
2016-10,strawberries,APU0300711415,2.81333,lb,published
2016-11,strawberries,APU0300711415,4.01814,lb,imputed_us
2016-12,strawberries,APU0300711415,4.484,lb,published
2017-01,strawberries,APU0300711415,3.47333,lb,published
2017-02,strawberries,APU0300711415,2.988,lb,published
2017-03,strawberries,APU0300711415,2.95333,lb,published
2017-04,strawberries,APU0300711415,3.112,lb,published
2017-05,strawberries,APU0300711415,2.884,lb,published
2017-06,strawberries,APU0300711415,2.50533,lb,published
2017-07,strawberries,APU0300711415,2.59733,lb,published
2017-08,strawberries,APU0300711415,2.55067,lb,published
2017-09,strawberries,APU0300711415,2.79333,lb,published
2017-10,strawberries,APU0300711415,2.87467,lb,published
2017-11,strawberries,APU0300711415,3.61467,lb,published
2017-12,strawberries,APU0300711415,4.068,lb,published
2018-01,strawberries,APU0300711415,3.61867,lb,published
2018-02,strawberries,APU0300711415,3.08933,lb,published
2018-03,strawberries,APU0300711415,2.73067,lb,published
2018-04,strawberries,APU0300711415,3.30267,lb,published
2018-05,strawberries,APU0300711415,2.64533,lb,published
2018-06,strawberries,APU0300711415,2.56,lb,published
2018-07,strawberries,APU0300711415,2.76133,lb,published
2018-08,strawberries,APU0300711415,2.58133,lb,published
2018-09,strawberries,APU0300711415,2.65067,lb,published
2018-10,strawberries,APU0300711415,2.75467,lb,published
2018-11,strawberries,APU0300711415,3.06267,lb,published
2018-12,strawberries,APU0300711415,4.036,lb,published
2019-01,strawberries,APU0300711415,4.32667,lb,published
2019-02,strawberries,APU0300711415,3.53333,lb,published
2019-03,strawberries,APU0300711415,2.98533,lb,published
2019-04,strawberries,APU0300711415,3.384,lb,published
2019-05,strawberries,APU0300711415,2.58533,lb,published
2019-06,strawberries,APU0300711415,2.72667,lb,published
2019-07,strawberries,APU0300711415,2.69067,lb,published
2019-08,strawberries,APU0300711415,2.65333,lb,published
2019-09,strawberries,APU0300711415,2.74933,lb,published
2019-10,strawberries,APU0300711415,3.048,lb,published
2019-11,strawberries,APU0300711415,3.30667,lb,published
2019-12,strawberries,APU0300711415,3.86533,lb,published
2020-01,strawberries,APU0300711415,3.76533,lb,published
2020-02,strawberries,APU0300711415,3.33867,lb,published
2020-03,strawberries,APU0300711415,3.04,lb,published
2020-04,strawberries,APU0300711415,3.21953,lb,imputed_basket
2020-05,strawberries,APU0300711415,3.22075,lb,imputed_basket
2020-06,strawberries,APU0300711415,2.53867,lb,published
2020-07,strawberries,APU0300711415,2.55467,lb,published
2020-08,strawberries,APU0300711415,2.75067,lb,published
2020-09,strawberries,APU0300711415,2.77551,lb,imputed_us
2020-10,strawberries,APU0300711415,3.32267,lb,published
2020-11,strawberries,APU0300711415,3.55144,lb,imputed_us
2020-12,strawberries,APU0300711415,4.03467,lb,published
2021-01,strawberries,APU0300711415,3.72133,lb,published
2021-02,strawberries,APU0300711415,3.59333,lb,published
2021-03,strawberries,APU0300711415,3.35361,lb,imputed_us
2021-04,strawberries,APU0300711415,3.48155,lb,imputed_us
2021-05,strawberries,APU0300711415,3.60533,lb,published
2021-06,strawberries,APU0300711415,3.18667,lb,published
2021-07,strawberries,APU0300711415,3.10143,lb,imputed_us
2021-08,strawberries,APU0300711415,3.40133,lb,published
2021-09,strawberries,APU0300711415,3.436,lb,published
2021-10,strawberries,APU0300711415,3.708,lb,published
2021-11,strawberries,APU0300711415,4.24895,lb,imputed_us
2021-12,strawberries,APU0300711415,4.2248,lb,imputed_basket
2022-01,strawberries,APU0300711415,4.00667,lb,published
2022-02,strawberries,APU0300711415,3.92798,lb,imputed_us
2022-03,strawberries,APU0300711415,3.41467,lb,published
2022-04,strawberries,APU0300711415,3.59867,lb,published
2022-05,strawberries,APU0300711415,3.12533,lb,published
2022-06,strawberries,APU0300711415,2.96533,lb,published
2022-07,strawberries,APU0300711415,2.908,lb,published
2022-08,strawberries,APU0300711415,3.108,lb,published
2022-09,strawberries,APU0300711415,3.58267,lb,published
2022-10,strawberries,APU0300711415,3.76,lb,published
2022-11,strawberries,APU0300711415,4.19867,lb,published
2022-12,strawberries,APU0300711415,4.50933,lb,published
2023-01,strawberries,APU0300711415,4.2,lb,published
2023-02,strawberries,APU0300711415,3.96533,lb,published
2023-03,strawberries,APU0300711415,3.636,lb,published
2023-04,strawberries,APU0300711415,3.84667,lb,published
2023-05,strawberries,APU0300711415,3.44267,lb,published
2023-06,strawberries,APU0300711415,3.14667,lb,published
2023-07,strawberries,APU0300711415,3.2,lb,published
2023-08,strawberries,APU0300711415,3.31733,lb,published
2023-09,strawberries,APU0300711415,3.436,lb,published
2023-10,strawberries,APU0300711415,3.47333,lb,published
2023-11,strawberries,APU0300711415,3.92533,lb,published
2023-12,strawberries,APU0300711415,4.82133,lb,published
2024-01,strawberries,APU0300711415,4.86533,lb,published
2024-02,strawberries,APU0300711415,3.90533,lb,published
2024-03,strawberries,APU0300711415,3.52267,lb,published
2024-04,strawberries,APU0300711415,3.16,lb,published
2024-05,strawberries,APU0300711415,3.06933,lb,published
2024-06,strawberries,APU0300711415,2.52267,lb,published
2024-07,strawberries,APU0300711415,2.64933,lb,published
2024-08,strawberries,APU0300711415,2.93733,lb,published
2024-09,strawberries,APU0300711415,3.248,lb,published
2024-10,strawberries,APU0300711415,3.53867,lb,published
2024-11,strawberries,APU0300711415,3.94933,lb,published
2024-12,strawberries,APU0300711415,4.75333,lb,published
2025-01,strawberries,APU0300711415,4.636,lb,published
2025-02,strawberries,APU0300711415,4.044,lb,published
2025-03,strawberries,APU0300711415,3.19333,lb,published
2025-04,strawberries,APU0300711415,3.30667,lb,published
2025-05,strawberries,APU0300711415,3.18533,lb,published
2025-06,strawberries,APU0300711415,2.92933,lb,published
2025-07,strawberries,APU0300711415,2.91067,lb,published
2025-08,strawberries,APU0300711415,2.96933,lb,published
2025-09,strawberries,APU0300711415,3.188,lb,published
2025-10,strawberries,APU0300711415,3.188,lb,carried
2025-11,strawberries,APU0300711415,3.188,lb,carried
2025-12,strawberries,APU0300711415,4.50133,lb,published
2026-01,strawberries,APU0300711415,3.81067,lb,published
2026-02,strawberries,APU0300711415,3.82533,lb,published
2026-03,strawberries,APU0300711415,3.416,lb,published
2026-04,strawberries,APU0300711415,3.28,lb,published
2026-05,strawberries,APU0300711415,3.24933,lb,published
2026-06,strawberries,APU0300711415,3.47333,lb,published
2026-07,strawberries,APU0300711415,3.06267,lb,published
2026-08,strawberries,APU0300711415,3.34667,lb,published
2006-01,potatoes,APU0300712112,0.597,lb,published
2006-02,potatoes,APU0300712112,0.608,lb,published
2006-03,potatoes,APU0300712112,0.601,lb,published
2006-04,potatoes,APU0300712112,0.598,lb,published
2006-05,potatoes,APU0300712112,0.618,lb,published
2006-06,potatoes,APU0300712112,0.629,lb,published
2006-07,potatoes,APU0300712112,0.613,lb,published
2006-08,potatoes,APU0300712112,0.634,lb,published
2006-09,potatoes,APU0300712112,0.656,lb,published
2006-10,potatoes,APU0300712112,0.642,lb,published
2006-11,potatoes,APU0300712112,0.587,lb,published
2006-12,potatoes,APU0300712112,0.591,lb,published
2007-01,potatoes,APU0300712112,0.585,lb,published
2007-02,potatoes,APU0300712112,0.597,lb,published
2007-03,potatoes,APU0300712112,0.605,lb,published
2007-04,potatoes,APU0300712112,0.605,lb,published
2007-05,potatoes,APU0300712112,0.616,lb,published
2007-06,potatoes,APU0300712112,0.604,lb,published
2007-07,potatoes,APU0300712112,0.616,lb,published
2007-08,potatoes,APU0300712112,0.583,lb,published
2007-09,potatoes,APU0300712112,0.59,lb,published
2007-10,potatoes,APU0300712112,0.595,lb,published
2007-11,potatoes,APU0300712112,0.61,lb,published
2007-12,potatoes,APU0300712112,0.596,lb,published
2008-01,potatoes,APU0300712112,0.626,lb,published
2008-02,potatoes,APU0300712112,0.632,lb,published
2008-03,potatoes,APU0300712112,0.637,lb,published
2008-04,potatoes,APU0300712112,0.638,lb,published
2008-05,potatoes,APU0300712112,0.658,lb,published
2008-06,potatoes,APU0300712112,0.663,lb,published
2008-07,potatoes,APU0300712112,0.766,lb,published
2008-08,potatoes,APU0300712112,0.841,lb,published
2008-09,potatoes,APU0300712112,0.859,lb,published
2008-10,potatoes,APU0300712112,0.816,lb,published
2008-11,potatoes,APU0300712112,0.811,lb,published
2008-12,potatoes,APU0300712112,0.764,lb,published
2009-01,potatoes,APU0300712112,0.785,lb,published
2009-02,potatoes,APU0300712112,0.756,lb,published
2009-03,potatoes,APU0300712112,0.75,lb,published
2009-04,potatoes,APU0300712112,0.717,lb,published
2009-05,potatoes,APU0300712112,0.722,lb,published
2009-06,potatoes,APU0300712112,0.762,lb,published
2009-07,potatoes,APU0300712112,0.75,lb,published
2009-08,potatoes,APU0300712112,0.749,lb,published
2009-09,potatoes,APU0300712112,0.686,lb,published
2009-10,potatoes,APU0300712112,0.693,lb,published
2009-11,potatoes,APU0300712112,0.665,lb,published
2009-12,potatoes,APU0300712112,0.656,lb,published
2010-01,potatoes,APU0300712112,0.653,lb,published
2010-02,potatoes,APU0300712112,0.642,lb,published
2010-03,potatoes,APU0300712112,0.649,lb,published
2010-04,potatoes,APU0300712112,0.673,lb,published
2010-05,potatoes,APU0300712112,0.671,lb,published
2010-06,potatoes,APU0300712112,0.665,lb,published
2010-07,potatoes,APU0300712112,0.677,lb,published
2010-08,potatoes,APU0300712112,0.722,lb,published
2010-09,potatoes,APU0300712112,0.697,lb,published
2010-10,potatoes,APU0300712112,0.655,lb,published
2010-11,potatoes,APU0300712112,0.65,lb,published
2010-12,potatoes,APU0300712112,0.661,lb,published
2011-01,potatoes,APU0300712112,0.682,lb,published
2011-02,potatoes,APU0300712112,0.687,lb,published
2011-03,potatoes,APU0300712112,0.709,lb,published
2011-04,potatoes,APU0300712112,0.74,lb,published
2011-05,potatoes,APU0300712112,0.75,lb,published
2011-06,potatoes,APU0300712112,0.727,lb,published
2011-07,potatoes,APU0300712112,0.761,lb,published
2011-08,potatoes,APU0300712112,0.808,lb,published
2011-09,potatoes,APU0300712112,0.794,lb,published
2011-10,potatoes,APU0300712112,0.747,lb,published
2011-11,potatoes,APU0300712112,0.727,lb,published
2011-12,potatoes,APU0300712112,0.708,lb,published
2012-01,potatoes,APU0300712112,0.718,lb,published
2012-02,potatoes,APU0300712112,0.719,lb,published
2012-03,potatoes,APU0300712112,0.723,lb,published
2012-04,potatoes,APU0300712112,0.722,lb,published
2012-05,potatoes,APU0300712112,0.692,lb,published
2012-06,potatoes,APU0300712112,0.695,lb,published
2012-07,potatoes,APU0300712112,0.696,lb,published
2012-08,potatoes,APU0300712112,0.694,lb,published
2012-09,potatoes,APU0300712112,0.688,lb,published
2012-10,potatoes,APU0300712112,0.687,lb,published
2012-11,potatoes,APU0300712112,0.657,lb,published
2012-12,potatoes,APU0300712112,0.648,lb,published
2013-01,potatoes,APU0300712112,0.67,lb,published
2013-02,potatoes,APU0300712112,0.673,lb,published
2013-03,potatoes,APU0300712112,0.639,lb,published
2013-04,potatoes,APU0300712112,0.645,lb,published
2013-05,potatoes,APU0300712112,0.662,lb,published
2013-06,potatoes,APU0300712112,0.639,lb,published
2013-07,potatoes,APU0300712112,0.687,lb,published
2013-08,potatoes,APU0300712112,0.753,lb,published
2013-09,potatoes,APU0300712112,0.764,lb,published
2013-10,potatoes,APU0300712112,0.681,lb,published
2013-11,potatoes,APU0300712112,0.66,lb,published
2013-12,potatoes,APU0300712112,0.65,lb,published
2014-01,potatoes,APU0300712112,0.693,lb,published
2014-02,potatoes,APU0300712112,0.699,lb,published
2014-03,potatoes,APU0300712112,0.685,lb,published
2014-04,potatoes,APU0300712112,0.679,lb,published
2014-05,potatoes,APU0300712112,0.691,lb,published
2014-06,potatoes,APU0300712112,0.674,lb,published
2014-07,potatoes,APU0300712112,0.687,lb,published
2014-08,potatoes,APU0300712112,0.679,lb,published
2014-09,potatoes,APU0300712112,0.661,lb,published
2014-10,potatoes,APU0300712112,0.666,lb,published
2014-11,potatoes,APU0300712112,0.621,lb,published
2014-12,potatoes,APU0300712112,0.618,lb,published
2015-01,potatoes,APU0300712112,0.672,lb,published
2015-02,potatoes,APU0300712112,0.652,lb,published
2015-03,potatoes,APU0300712112,0.65,lb,published
2015-04,potatoes,APU0300712112,0.638,lb,published
2015-05,potatoes,APU0300712112,0.645,lb,published
2015-06,potatoes,APU0300712112,0.646,lb,published
2015-07,potatoes,APU0300712112,0.657,lb,published
2015-08,potatoes,APU0300712112,0.649,lb,published
2015-09,potatoes,APU0300712112,0.645,lb,published
2015-10,potatoes,APU0300712112,0.691,lb,published
2015-11,potatoes,APU0300712112,0.66,lb,published
2015-12,potatoes,APU0300712112,0.661,lb,published
2016-01,potatoes,APU0300712112,0.681,lb,published
2016-02,potatoes,APU0300712112,0.692,lb,published
2016-03,potatoes,APU0300712112,0.671,lb,published
2016-04,potatoes,APU0300712112,0.675,lb,published
2016-05,potatoes,APU0300712112,0.747,lb,published
2016-06,potatoes,APU0300712112,0.748,lb,published
2016-07,potatoes,APU0300712112,0.744,lb,published
2016-08,potatoes,APU0300712112,0.756,lb,published
2016-09,potatoes,APU0300712112,0.759,lb,published
2016-10,potatoes,APU0300712112,0.767,lb,published
2016-11,potatoes,APU0300712112,0.752,lb,published
2016-12,potatoes,APU0300712112,0.738,lb,published
2017-01,potatoes,APU0300712112,0.729,lb,published
2017-02,potatoes,APU0300712112,0.749,lb,published
2017-03,potatoes,APU0300712112,0.722,lb,published
2017-04,potatoes,APU0300712112,0.716,lb,published
2017-05,potatoes,APU0300712112,0.733,lb,published
2017-06,potatoes,APU0300712112,0.767,lb,published
2017-07,potatoes,APU0300712112,0.787,lb,published
2017-08,potatoes,APU0300712112,0.755,lb,published
2017-09,potatoes,APU0300712112,0.759,lb,published
2017-10,potatoes,APU0300712112,0.796,lb,published
2017-11,potatoes,APU0300712112,0.789,lb,published
2017-12,potatoes,APU0300712112,0.795,lb,published
2018-01,potatoes,APU0300712112,0.764,lb,published
2018-02,potatoes,APU0300712112,0.764,lb,published
2018-03,potatoes,APU0300712112,0.76,lb,published
2018-04,potatoes,APU0300712112,0.75,lb,published
2018-05,potatoes,APU0300712112,0.735,lb,published
2018-06,potatoes,APU0300712112,0.774,lb,published
2018-07,potatoes,APU0300712112,0.803,lb,published
2018-08,potatoes,APU0300712112,0.809,lb,published
2018-09,potatoes,APU0300712112,0.782,lb,published
2018-10,potatoes,APU0300712112,0.762,lb,published
2018-11,potatoes,APU0300712112,0.769,lb,published
2018-12,potatoes,APU0300712112,0.732,lb,published
2019-01,potatoes,APU0300712112,0.788,lb,published
2019-02,potatoes,APU0300712112,0.777,lb,published
2019-03,potatoes,APU0300712112,0.777,lb,published
2019-04,potatoes,APU0300712112,0.79,lb,published
2019-05,potatoes,APU0300712112,0.773,lb,published
2019-06,potatoes,APU0300712112,0.773,lb,published
2019-07,potatoes,APU0300712112,0.801,lb,published
2019-08,potatoes,APU0300712112,0.832,lb,published
2019-09,potatoes,APU0300712112,0.835,lb,published
2019-10,potatoes,APU0300712112,0.868,lb,published
2019-11,potatoes,APU0300712112,0.824,lb,published
2019-12,potatoes,APU0300712112,0.877,lb,published
2020-01,potatoes,APU0300712112,0.895,lb,published
2020-02,potatoes,APU0300712112,0.863,lb,published
2020-03,potatoes,APU0300712112,0.85927,lb,imputed_basket
2020-04,potatoes,APU0300712112,0.91001,lb,imputed_basket
2020-05,potatoes,APU0300712112,0.91036,lb,imputed_basket
2020-06,potatoes,APU0300712112,0.90929,lb,imputed_us
2020-07,potatoes,APU0300712112,0.93,lb,published
2020-08,potatoes,APU0300712112,0.966,lb,published
2020-09,potatoes,APU0300712112,0.905,lb,published
2020-10,potatoes,APU0300712112,0.899,lb,published
2020-11,potatoes,APU0300712112,0.861,lb,published
2020-12,potatoes,APU0300712112,0.846,lb,published
2021-01,potatoes,APU0300712112,0.863,lb,published
2021-02,potatoes,APU0300712112,0.839,lb,published
2021-03,potatoes,APU0300712112,0.867,lb,published
2021-04,potatoes,APU0300712112,0.851,lb,published
2021-05,potatoes,APU0300712112,0.86,lb,published
2021-06,potatoes,APU0300712112,0.815,lb,published
2021-07,potatoes,APU0300712112,0.831,lb,published
2021-08,potatoes,APU0300712112,0.863,lb,published
2021-09,potatoes,APU0300712112,0.862,lb,published
2021-10,potatoes,APU0300712112,0.859,lb,published
2021-11,potatoes,APU0300712112,0.799,lb,published
2021-12,potatoes,APU0300712112,0.823,lb,published
2022-01,potatoes,APU0300712112,0.831,lb,published
2022-02,potatoes,APU0300712112,0.84,lb,published
2022-03,potatoes,APU0300712112,0.857,lb,published
2022-04,potatoes,APU0300712112,0.87,lb,published
2022-05,potatoes,APU0300712112,0.925,lb,published
2022-06,potatoes,APU0300712112,0.908,lb,published
2022-07,potatoes,APU0300712112,0.974,lb,published
2022-08,potatoes,APU0300712112,1.021,lb,published
2022-09,potatoes,APU0300712112,1.041,lb,published
2022-10,potatoes,APU0300712112,1.026,lb,published
2022-11,potatoes,APU0300712112,0.972,lb,published
2022-12,potatoes,APU0300712112,0.965,lb,published
2023-01,potatoes,APU0300712112,0.958,lb,published
2023-02,potatoes,APU0300712112,1.01,lb,published
2023-03,potatoes,APU0300712112,1.007,lb,published
2023-04,potatoes,APU0300712112,1.02,lb,published
2023-05,potatoes,APU0300712112,1.042,lb,published
2023-06,potatoes,APU0300712112,1.068,lb,published
2023-07,potatoes,APU0300712112,1.104,lb,published
2023-08,potatoes,APU0300712112,1.163,lb,published
2023-09,potatoes,APU0300712112,1.087,lb,published
2023-10,potatoes,APU0300712112,1.112,lb,published
2023-11,potatoes,APU0300712112,1.114,lb,published
2023-12,potatoes,APU0300712112,1.071,lb,published
2024-01,potatoes,APU0300712112,1.103,lb,published
2024-02,potatoes,APU0300712112,1.101,lb,published
2024-03,potatoes,APU0300712112,1.095,lb,published
2024-04,potatoes,APU0300712112,1.102,lb,published
2024-05,potatoes,APU0300712112,1.106,lb,published
2024-06,potatoes,APU0300712112,1.122,lb,published
2024-07,potatoes,APU0300712112,1.162,lb,published
2024-08,potatoes,APU0300712112,1.14,lb,published
2024-09,potatoes,APU0300712112,1.144,lb,published
2024-10,potatoes,APU0300712112,1.087,lb,published
2024-11,potatoes,APU0300712112,1.052,lb,published
2024-12,potatoes,APU0300712112,1.035,lb,published
2025-01,potatoes,APU0300712112,1.08,lb,published
2025-02,potatoes,APU0300712112,1.081,lb,published
2025-03,potatoes,APU0300712112,1.051,lb,published
2025-04,potatoes,APU0300712112,1.065,lb,published
2025-05,potatoes,APU0300712112,1.005,lb,published
2025-06,potatoes,APU0300712112,1.059,lb,published
2025-07,potatoes,APU0300712112,1.069,lb,published
2025-08,potatoes,APU0300712112,1.061,lb,published
2025-09,potatoes,APU0300712112,1.099,lb,published
2025-10,potatoes,APU0300712112,1.099,lb,carried
2025-11,potatoes,APU0300712112,0.938,lb,published
2025-12,potatoes,APU0300712112,0.907,lb,published
2026-01,potatoes,APU0300712112,0.946,lb,published
2026-02,potatoes,APU0300712112,0.912,lb,published
2026-03,potatoes,APU0300712112,0.916,lb,published
2026-04,potatoes,APU0300712112,0.935,lb,published
2026-05,potatoes,APU0300712112,0.952,lb,published
2026-06,potatoes,APU0300712112,1.004,lb,published
2026-07,potatoes,APU0300712112,1.0,lb,published
2026-08,potatoes,APU0300712112,1.022,lb,published
2006-01,tomatoes,APU0300712311,2.133,lb,published
2006-02,tomatoes,APU0300712311,1.955,lb,published
2006-03,tomatoes,APU0300712311,1.571,lb,published
2006-04,tomatoes,APU0300712311,1.495,lb,published
2006-05,tomatoes,APU0300712311,1.47,lb,published
2006-06,tomatoes,APU0300712311,1.396,lb,published
2006-07,tomatoes,APU0300712311,1.42,lb,published
2006-08,tomatoes,APU0300712311,1.53,lb,published
2006-09,tomatoes,APU0300712311,1.763,lb,published
2006-10,tomatoes,APU0300712311,2.178,lb,published
2006-11,tomatoes,APU0300712311,1.714,lb,published
2006-12,tomatoes,APU0300712311,1.607,lb,published
2007-01,tomatoes,APU0300712311,1.524,lb,published
2007-02,tomatoes,APU0300712311,1.674,lb,published
2007-03,tomatoes,APU0300712311,1.509,lb,published
2007-04,tomatoes,APU0300712311,1.513,lb,published
2007-05,tomatoes,APU0300712311,1.55,lb,published
2007-06,tomatoes,APU0300712311,1.378,lb,published
2007-07,tomatoes,APU0300712311,1.38,lb,published
2007-08,tomatoes,APU0300712311,1.445,lb,published
2007-09,tomatoes,APU0300712311,1.396,lb,published
2007-10,tomatoes,APU0300712311,1.606,lb,published
2007-11,tomatoes,APU0300712311,1.727,lb,published
2007-12,tomatoes,APU0300712311,2.057,lb,published
2008-01,tomatoes,APU0300712311,2.036,lb,published
2008-02,tomatoes,APU0300712311,1.699,lb,published
2008-03,tomatoes,APU0300712311,1.809,lb,published
2008-04,tomatoes,APU0300712311,1.636,lb,published
2008-05,tomatoes,APU0300712311,1.645,lb,published
2008-06,tomatoes,APU0300712311,1.793,lb,published
2008-07,tomatoes,APU0300712311,1.754,lb,published
2008-08,tomatoes,APU0300712311,1.711,lb,published
2008-09,tomatoes,APU0300712311,1.719,lb,published
2008-10,tomatoes,APU0300712311,1.66,lb,published
2008-11,tomatoes,APU0300712311,1.791,lb,published
2008-12,tomatoes,APU0300712311,1.764,lb,published
2009-01,tomatoes,APU0300712311,1.779,lb,published
2009-02,tomatoes,APU0300712311,1.671,lb,published
2009-03,tomatoes,APU0300712311,1.652,lb,published
2009-04,tomatoes,APU0300712311,1.672,lb,published
2009-05,tomatoes,APU0300712311,1.718,lb,published
2009-06,tomatoes,APU0300712311,1.858,lb,published
2009-07,tomatoes,APU0300712311,1.931,lb,published
2009-08,tomatoes,APU0300712311,1.805,lb,published
2009-09,tomatoes,APU0300712311,1.742,lb,published
2009-10,tomatoes,APU0300712311,1.704,lb,published
2009-11,tomatoes,APU0300712311,1.81,lb,published
2009-12,tomatoes,APU0300712311,2.125,lb,published
2010-01,tomatoes,APU0300712311,2.054,lb,published
2010-02,tomatoes,APU0300712311,1.988,lb,published
2010-03,tomatoes,APU0300712311,2.124,lb,published
2010-04,tomatoes,APU0300712311,2.502,lb,published
2010-05,tomatoes,APU0300712311,2.261,lb,published
2010-06,tomatoes,APU0300712311,1.793,lb,published
2010-07,tomatoes,APU0300712311,1.521,lb,published
2010-08,tomatoes,APU0300712311,1.598,lb,published
2010-09,tomatoes,APU0300712311,1.722,lb,published
2010-10,tomatoes,APU0300712311,1.742,lb,published
2010-11,tomatoes,APU0300712311,1.691,lb,published
2010-12,tomatoes,APU0300712311,1.757,lb,published
2011-01,tomatoes,APU0300712311,1.793,lb,published
2011-02,tomatoes,APU0300712311,1.977,lb,published
2011-03,tomatoes,APU0300712311,2.264,lb,published
2011-04,tomatoes,APU0300712311,2.455,lb,published
2011-05,tomatoes,APU0300712311,2.158,lb,published
2011-06,tomatoes,APU0300712311,1.779,lb,published
2011-07,tomatoes,APU0300712311,1.627,lb,published
2011-08,tomatoes,APU0300712311,1.593,lb,published
2011-09,tomatoes,APU0300712311,1.647,lb,published
2011-10,tomatoes,APU0300712311,1.671,lb,published
2011-11,tomatoes,APU0300712311,1.728,lb,published
2011-12,tomatoes,APU0300712311,1.714,lb,published
2012-01,tomatoes,APU0300712311,1.753,lb,published
2012-02,tomatoes,APU0300712311,1.618,lb,published
2012-03,tomatoes,APU0300712311,1.658,lb,published
2012-04,tomatoes,APU0300712311,1.53,lb,published
2012-05,tomatoes,APU0300712311,1.506,lb,published
2012-06,tomatoes,APU0300712311,1.63,lb,published
2012-07,tomatoes,APU0300712311,1.592,lb,published
2012-08,tomatoes,APU0300712311,1.536,lb,published
2012-09,tomatoes,APU0300712311,1.597,lb,published
2012-10,tomatoes,APU0300712311,1.643,lb,published
2012-11,tomatoes,APU0300712311,1.748,lb,published
2012-12,tomatoes,APU0300712311,1.714,lb,published
2013-01,tomatoes,APU0300712311,1.661,lb,published
2013-02,tomatoes,APU0300712311,1.677,lb,published
2013-03,tomatoes,APU0300712311,1.672,lb,published
2013-04,tomatoes,APU0300712311,1.631,lb,published
2013-05,tomatoes,APU0300712311,1.48,lb,published
2013-06,tomatoes,APU0300712311,1.5,lb,published
2013-07,tomatoes,APU0300712311,1.446,lb,published
2013-08,tomatoes,APU0300712311,1.437,lb,published
2013-09,tomatoes,APU0300712311,1.448,lb,published
2013-10,tomatoes,APU0300712311,1.42499,lb,imputed_basket
2013-11,tomatoes,APU0300712311,1.761,lb,published
2013-12,tomatoes,APU0300712311,1.735,lb,published
2014-01,tomatoes,APU0300712311,1.679,lb,published
2014-02,tomatoes,APU0300712311,1.695,lb,published
2014-03,tomatoes,APU0300712311,1.777,lb,published
2014-04,tomatoes,APU0300712311,1.8,lb,published
2014-05,tomatoes,APU0300712311,1.704,lb,published
2014-06,tomatoes,APU0300712311,1.79,lb,published
2014-07,tomatoes,APU0300712311,1.846,lb,published
2014-08,tomatoes,APU0300712311,1.767,lb,published
2014-09,tomatoes,APU0300712311,1.703,lb,published
2014-10,tomatoes,APU0300712311,1.596,lb,published
2014-11,tomatoes,APU0300712311,1.766,lb,published
2014-12,tomatoes,APU0300712311,1.891,lb,published
2015-01,tomatoes,APU0300712311,1.859,lb,published
2015-02,tomatoes,APU0300712311,1.751,lb,published
2015-03,tomatoes,APU0300712311,1.859,lb,published
2015-04,tomatoes,APU0300712311,1.835,lb,published
2015-05,tomatoes,APU0300712311,1.814,lb,published
2015-06,tomatoes,APU0300712311,1.696,lb,published
2015-07,tomatoes,APU0300712311,1.703,lb,published
2015-08,tomatoes,APU0300712311,1.83,lb,published
2015-09,tomatoes,APU0300712311,1.798,lb,published
2015-10,tomatoes,APU0300712311,1.847,lb,published
2015-11,tomatoes,APU0300712311,1.894,lb,published
2015-12,tomatoes,APU0300712311,1.852,lb,published
2016-01,tomatoes,APU0300712311,2.045,lb,published
2016-02,tomatoes,APU0300712311,2.071,lb,published
2016-03,tomatoes,APU0300712311,2.029,lb,published
2016-04,tomatoes,APU0300712311,1.842,lb,published
2016-05,tomatoes,APU0300712311,1.62,lb,published
2016-06,tomatoes,APU0300712311,1.683,lb,published
2016-07,tomatoes,APU0300712311,1.621,lb,published
2016-08,tomatoes,APU0300712311,1.717,lb,published
2016-09,tomatoes,APU0300712311,1.772,lb,published
2016-10,tomatoes,APU0300712311,1.932,lb,published
2016-11,tomatoes,APU0300712311,2.031,lb,published
2016-12,tomatoes,APU0300712311,2.012,lb,published
2017-01,tomatoes,APU0300712311,1.812,lb,published
2017-02,tomatoes,APU0300712311,1.784,lb,published
2017-03,tomatoes,APU0300712311,1.829,lb,published
2017-04,tomatoes,APU0300712311,1.856,lb,published
2017-05,tomatoes,APU0300712311,1.905,lb,published
2017-06,tomatoes,APU0300712311,1.875,lb,published
2017-07,tomatoes,APU0300712311,1.884,lb,published
2017-08,tomatoes,APU0300712311,1.964,lb,published
2017-09,tomatoes,APU0300712311,1.834,lb,published
2017-10,tomatoes,APU0300712311,1.972,lb,published
2017-11,tomatoes,APU0300712311,2.034,lb,published
2017-12,tomatoes,APU0300712311,2.196,lb,published
2018-01,tomatoes,APU0300712311,2.304,lb,published
2018-02,tomatoes,APU0300712311,1.898,lb,published
2018-03,tomatoes,APU0300712311,1.712,lb,published
2018-04,tomatoes,APU0300712311,1.694,lb,published
2018-05,tomatoes,APU0300712311,1.592,lb,published
2018-06,tomatoes,APU0300712311,1.744,lb,published
2018-07,tomatoes,APU0300712311,1.746,lb,published
2018-08,tomatoes,APU0300712311,1.707,lb,published
2018-09,tomatoes,APU0300712311,1.776,lb,published
2018-10,tomatoes,APU0300712311,1.84895,lb,imputed_us
2018-11,tomatoes,APU0300712311,2.00067,lb,imputed_us
2018-12,tomatoes,APU0300712311,2.11544,lb,imputed_us
2019-01,tomatoes,APU0300712311,2.16602,lb,imputed_us
2019-02,tomatoes,APU0300712311,2.01137,lb,imputed_us
2019-03,tomatoes,APU0300712311,2.02207,lb,imputed_us
2019-04,tomatoes,APU0300712311,1.89369,lb,imputed_us
2019-05,tomatoes,APU0300712311,1.77308,lb,imputed_us
2019-06,tomatoes,APU0300712311,1.76238,lb,imputed_us
2019-07,tomatoes,APU0300712311,1.74974,lb,imputed_us
2019-08,tomatoes,APU0300712311,1.81296,lb,imputed_us
2019-09,tomatoes,APU0300712311,1.85867,lb,imputed_us
2019-10,tomatoes,APU0300712311,1.73029,lb,imputed_us
2019-11,tomatoes,APU0300712311,1.701,lb,published
2019-12,tomatoes,APU0300712311,1.712,lb,published
2020-01,tomatoes,APU0300712311,1.988,lb,published
2020-02,tomatoes,APU0300712311,2.064,lb,published
2020-03,tomatoes,APU0300712311,2.05508,lb,imputed_basket
2020-04,tomatoes,APU0300712311,2.17644,lb,imputed_basket
2020-05,tomatoes,APU0300712311,1.747,lb,published
2020-06,tomatoes,APU0300712311,1.81401,lb,imputed_us
2020-07,tomatoes,APU0300712311,1.778,lb,published
2020-08,tomatoes,APU0300712311,1.668,lb,published
2020-09,tomatoes,APU0300712311,1.661,lb,published
2020-10,tomatoes,APU0300712311,1.671,lb,published
2020-11,tomatoes,APU0300712311,1.695,lb,published
2020-12,tomatoes,APU0300712311,1.637,lb,published
2021-01,tomatoes,APU0300712311,1.682,lb,published
2021-02,tomatoes,APU0300712311,1.686,lb,published
2021-03,tomatoes,APU0300712311,1.668,lb,published
2021-04,tomatoes,APU0300712311,1.699,lb,published
2021-05,tomatoes,APU0300712311,1.73,lb,published
2021-06,tomatoes,APU0300712311,1.769,lb,published
2021-07,tomatoes,APU0300712311,1.7661,lb,imputed_us
2021-08,tomatoes,APU0300712311,1.817,lb,published
2021-09,tomatoes,APU0300712311,1.698,lb,published
2021-10,tomatoes,APU0300712311,1.793,lb,published
2021-11,tomatoes,APU0300712311,1.767,lb,published
2021-12,tomatoes,APU0300712311,1.774,lb,published
2022-01,tomatoes,APU0300712311,1.766,lb,published
2022-02,tomatoes,APU0300712311,1.73,lb,published
2022-03,tomatoes,APU0300712311,1.742,lb,published
2022-04,tomatoes,APU0300712311,1.671,lb,published
2022-05,tomatoes,APU0300712311,1.651,lb,published
2022-06,tomatoes,APU0300712311,1.601,lb,published
2022-07,tomatoes,APU0300712311,1.591,lb,published
2022-08,tomatoes,APU0300712311,1.669,lb,published
2022-09,tomatoes,APU0300712311,1.726,lb,published
2022-10,tomatoes,APU0300712311,1.731,lb,published
2022-11,tomatoes,APU0300712311,1.815,lb,published
2022-12,tomatoes,APU0300712311,1.909,lb,published
2023-01,tomatoes,APU0300712311,1.824,lb,published
2023-02,tomatoes,APU0300712311,1.795,lb,published
2023-03,tomatoes,APU0300712311,1.761,lb,published
2023-04,tomatoes,APU0300712311,1.706,lb,published
2023-05,tomatoes,APU0300712311,1.614,lb,published
2023-06,tomatoes,APU0300712311,1.71,lb,published
2023-07,tomatoes,APU0300712311,1.722,lb,published
2023-08,tomatoes,APU0300712311,1.662,lb,published
2023-09,tomatoes,APU0300712311,1.622,lb,published
2023-10,tomatoes,APU0300712311,1.648,lb,published
2023-11,tomatoes,APU0300712311,1.761,lb,published
2023-12,tomatoes,APU0300712311,1.815,lb,published
2024-01,tomatoes,APU0300712311,1.916,lb,published
2024-02,tomatoes,APU0300712311,1.916,lb,published
2024-03,tomatoes,APU0300712311,1.872,lb,published
2024-04,tomatoes,APU0300712311,1.783,lb,published
2024-05,tomatoes,APU0300712311,1.804,lb,published
2024-06,tomatoes,APU0300712311,1.78,lb,published
2024-07,tomatoes,APU0300712311,1.811,lb,published
2024-08,tomatoes,APU0300712311,1.828,lb,published
2024-09,tomatoes,APU0300712311,1.802,lb,published
2024-10,tomatoes,APU0300712311,1.862,lb,published
2024-11,tomatoes,APU0300712311,1.904,lb,published
2024-12,tomatoes,APU0300712311,1.965,lb,published
2025-01,tomatoes,APU0300712311,1.857,lb,published
2025-02,tomatoes,APU0300712311,1.812,lb,published
2025-03,tomatoes,APU0300712311,1.76,lb,published
2025-04,tomatoes,APU0300712311,1.737,lb,published
2025-05,tomatoes,APU0300712311,1.769,lb,published
2025-06,tomatoes,APU0300712311,1.799,lb,published
2025-07,tomatoes,APU0300712311,1.843,lb,published
2025-08,tomatoes,APU0300712311,1.853,lb,published
2025-09,tomatoes,APU0300712311,1.882,lb,published
2025-10,tomatoes,APU0300712311,1.882,lb,carried
2025-11,tomatoes,APU0300712311,1.771,lb,published
2025-12,tomatoes,APU0300712311,1.845,lb,published
2026-01,tomatoes,APU0300712311,1.786,lb,published
2026-02,tomatoes,APU0300712311,1.934,lb,published
2026-03,tomatoes,APU0300712311,1.992,lb,published
2026-04,tomatoes,APU0300712311,2.22,lb,published
2026-05,tomatoes,APU0300712311,2.272,lb,published
2026-06,tomatoes,APU0300712311,2.153,lb,published
2026-07,tomatoes,APU0300712311,2.068,lb,published
2026-08,tomatoes,APU0300712311,2.072,lb,published
2006-01,pinto_beans_dry,APU0300714233,0.813,lb,published
2006-02,pinto_beans_dry,APU0300714233,0.8,lb,published
2006-03,pinto_beans_dry,APU0300714233,0.79,lb,published
2006-04,pinto_beans_dry,APU0300714233,0.793,lb,published
2006-05,pinto_beans_dry,APU0300714233,0.839,lb,published
2006-06,pinto_beans_dry,APU0300714233,0.841,lb,published
2006-07,pinto_beans_dry,APU0300714233,0.846,lb,published
2006-08,pinto_beans_dry,APU0300714233,0.854,lb,published
2006-09,pinto_beans_dry,APU0300714233,0.872,lb,published
2006-10,pinto_beans_dry,APU0300714233,0.88,lb,published
2006-11,pinto_beans_dry,APU0300714233,0.883,lb,published
2006-12,pinto_beans_dry,APU0300714233,0.901,lb,published
2007-01,pinto_beans_dry,APU0300714233,0.928,lb,published
2007-02,pinto_beans_dry,APU0300714233,0.911,lb,published
2007-03,pinto_beans_dry,APU0300714233,0.922,lb,published
2007-04,pinto_beans_dry,APU0300714233,0.939,lb,published
2007-05,pinto_beans_dry,APU0300714233,0.966,lb,published
2007-06,pinto_beans_dry,APU0300714233,0.99,lb,published
2007-07,pinto_beans_dry,APU0300714233,0.99,lb,published
2007-08,pinto_beans_dry,APU0300714233,1.001,lb,published
2007-09,pinto_beans_dry,APU0300714233,1.015,lb,published
2007-10,pinto_beans_dry,APU0300714233,0.981,lb,published
2007-11,pinto_beans_dry,APU0300714233,1.007,lb,published
2007-12,pinto_beans_dry,APU0300714233,0.996,lb,published
2008-01,pinto_beans_dry,APU0300714233,1.023,lb,published
2008-02,pinto_beans_dry,APU0300714233,1.039,lb,published
2008-03,pinto_beans_dry,APU0300714233,1.025,lb,published
2008-04,pinto_beans_dry,APU0300714233,1.063,lb,published
2008-05,pinto_beans_dry,APU0300714233,1.116,lb,published
2008-06,pinto_beans_dry,APU0300714233,1.16,lb,published
2008-07,pinto_beans_dry,APU0300714233,1.203,lb,published
2008-08,pinto_beans_dry,APU0300714233,1.224,lb,published
2008-09,pinto_beans_dry,APU0300714233,1.256,lb,published
2008-10,pinto_beans_dry,APU0300714233,1.296,lb,published
2008-11,pinto_beans_dry,APU0300714233,1.339,lb,published
2008-12,pinto_beans_dry,APU0300714233,1.319,lb,published
2009-01,pinto_beans_dry,APU0300714233,1.31,lb,published
2009-02,pinto_beans_dry,APU0300714233,1.277,lb,published
2009-03,pinto_beans_dry,APU0300714233,1.291,lb,published
2009-04,pinto_beans_dry,APU0300714233,1.324,lb,published
2009-05,pinto_beans_dry,APU0300714233,1.303,lb,published
2009-06,pinto_beans_dry,APU0300714233,1.318,lb,published
2009-07,pinto_beans_dry,APU0300714233,1.315,lb,published
2009-08,pinto_beans_dry,APU0300714233,1.311,lb,published
2009-09,pinto_beans_dry,APU0300714233,1.311,lb,published
2009-10,pinto_beans_dry,APU0300714233,1.308,lb,published
2009-11,pinto_beans_dry,APU0300714233,1.287,lb,published
2009-12,pinto_beans_dry,APU0300714233,1.27,lb,published
2010-01,pinto_beans_dry,APU0300714233,1.253,lb,published
2010-02,pinto_beans_dry,APU0300714233,1.236,lb,published
2010-03,pinto_beans_dry,APU0300714233,1.233,lb,published
2010-04,pinto_beans_dry,APU0300714233,1.224,lb,published
2010-05,pinto_beans_dry,APU0300714233,1.164,lb,published
2010-06,pinto_beans_dry,APU0300714233,1.204,lb,published
2010-07,pinto_beans_dry,APU0300714233,1.191,lb,published
2010-08,pinto_beans_dry,APU0300714233,1.199,lb,published
2010-09,pinto_beans_dry,APU0300714233,1.175,lb,published
2010-10,pinto_beans_dry,APU0300714233,1.2,lb,published
2010-11,pinto_beans_dry,APU0300714233,1.197,lb,published
2010-12,pinto_beans_dry,APU0300714233,1.361,lb,published
2011-01,pinto_beans_dry,APU0300714233,1.378,lb,published
2011-02,pinto_beans_dry,APU0300714233,1.381,lb,published
2011-03,pinto_beans_dry,APU0300714233,1.371,lb,published
2011-04,pinto_beans_dry,APU0300714233,1.394,lb,published
2011-05,pinto_beans_dry,APU0300714233,1.419,lb,published
2011-06,pinto_beans_dry,APU0300714233,1.403,lb,published
2011-07,pinto_beans_dry,APU0300714233,1.421,lb,published
2011-08,pinto_beans_dry,APU0300714233,1.315,lb,published
2011-09,pinto_beans_dry,APU0300714233,1.333,lb,published
2011-10,pinto_beans_dry,APU0300714233,1.383,lb,published
2011-11,pinto_beans_dry,APU0300714233,1.432,lb,published
2011-12,pinto_beans_dry,APU0300714233,1.424,lb,published
2012-01,pinto_beans_dry,APU0300714233,1.428,lb,published
2012-02,pinto_beans_dry,APU0300714233,1.434,lb,published
2012-03,pinto_beans_dry,APU0300714233,1.471,lb,published
2012-04,pinto_beans_dry,APU0300714233,1.478,lb,published
2012-05,pinto_beans_dry,APU0300714233,1.47,lb,published
2012-06,pinto_beans_dry,APU0300714233,1.461,lb,published
2012-07,pinto_beans_dry,APU0300714233,1.439,lb,published
2012-08,pinto_beans_dry,APU0300714233,1.443,lb,published
2012-09,pinto_beans_dry,APU0300714233,1.423,lb,published
2012-10,pinto_beans_dry,APU0300714233,1.419,lb,published
2012-11,pinto_beans_dry,APU0300714233,1.397,lb,published
2012-12,pinto_beans_dry,APU0300714233,1.4,lb,published
2013-01,pinto_beans_dry,APU0300714233,1.389,lb,published
2013-02,pinto_beans_dry,APU0300714233,1.369,lb,published
2013-03,pinto_beans_dry,APU0300714233,1.346,lb,published
2013-04,pinto_beans_dry,APU0300714233,1.324,lb,published
2013-05,pinto_beans_dry,APU0300714233,1.294,lb,published
2013-06,pinto_beans_dry,APU0300714233,1.311,lb,published
2013-07,pinto_beans_dry,APU0300714233,1.329,lb,published
2013-08,pinto_beans_dry,APU0300714233,1.353,lb,published
2013-09,pinto_beans_dry,APU0300714233,1.377,lb,published
2013-10,pinto_beans_dry,APU0300714233,1.343,lb,published
2013-11,pinto_beans_dry,APU0300714233,1.369,lb,published
2013-12,pinto_beans_dry,APU0300714233,1.352,lb,published
2014-01,pinto_beans_dry,APU0300714233,1.373,lb,published
2014-02,pinto_beans_dry,APU0300714233,1.383,lb,published
2014-03,pinto_beans_dry,APU0300714233,1.389,lb,published
2014-04,pinto_beans_dry,APU0300714233,1.395,lb,published
2014-05,pinto_beans_dry,APU0300714233,1.35,lb,published
2014-06,pinto_beans_dry,APU0300714233,1.375,lb,published
2014-07,pinto_beans_dry,APU0300714233,1.371,lb,published
2014-08,pinto_beans_dry,APU0300714233,1.369,lb,published
2014-09,pinto_beans_dry,APU0300714233,1.41,lb,published
2014-10,pinto_beans_dry,APU0300714233,1.441,lb,published
2014-11,pinto_beans_dry,APU0300714233,1.424,lb,published
2014-12,pinto_beans_dry,APU0300714233,1.439,lb,published
2015-01,pinto_beans_dry,APU0300714233,1.451,lb,published
2015-02,pinto_beans_dry,APU0300714233,1.442,lb,published
2015-03,pinto_beans_dry,APU0300714233,1.423,lb,published
2015-04,pinto_beans_dry,APU0300714233,1.448,lb,published
2015-05,pinto_beans_dry,APU0300714233,1.466,lb,published
2015-06,pinto_beans_dry,APU0300714233,1.506,lb,published
2015-07,pinto_beans_dry,APU0300714233,1.511,lb,published
2015-08,pinto_beans_dry,APU0300714233,1.512,lb,published
2015-09,pinto_beans_dry,APU0300714233,1.498,lb,published
2015-10,pinto_beans_dry,APU0300714233,1.493,lb,published
2015-11,pinto_beans_dry,APU0300714233,1.553,lb,published
2015-12,pinto_beans_dry,APU0300714233,1.542,lb,published
2016-01,pinto_beans_dry,APU0300714233,1.437,lb,published
2016-02,pinto_beans_dry,APU0300714233,1.468,lb,published
2016-03,pinto_beans_dry,APU0300714233,1.454,lb,published
2016-04,pinto_beans_dry,APU0300714233,1.449,lb,published
2016-05,pinto_beans_dry,APU0300714233,1.369,lb,published
2016-06,pinto_beans_dry,APU0300714233,1.436,lb,published
2016-07,pinto_beans_dry,APU0300714233,1.416,lb,published
2016-08,pinto_beans_dry,APU0300714233,1.424,lb,published
2016-09,pinto_beans_dry,APU0300714233,1.426,lb,published
2016-10,pinto_beans_dry,APU0300714233,1.338,lb,published
2016-11,pinto_beans_dry,APU0300714233,1.426,lb,published
2016-12,pinto_beans_dry,APU0300714233,1.454,lb,published
2017-01,pinto_beans_dry,APU0300714233,1.438,lb,published
2017-02,pinto_beans_dry,APU0300714233,1.424,lb,published
2017-03,pinto_beans_dry,APU0300714233,1.464,lb,published
2017-04,pinto_beans_dry,APU0300714233,1.454,lb,published
2017-05,pinto_beans_dry,APU0300714233,1.466,lb,published
2017-06,pinto_beans_dry,APU0300714233,1.492,lb,published
2017-07,pinto_beans_dry,APU0300714233,1.455,lb,published
2017-08,pinto_beans_dry,APU0300714233,1.455,lb,published
2017-09,pinto_beans_dry,APU0300714233,1.453,lb,published
2017-10,pinto_beans_dry,APU0300714233,1.512,lb,published
2017-11,pinto_beans_dry,APU0300714233,1.491,lb,published
2017-12,pinto_beans_dry,APU0300714233,1.468,lb,published
2018-01,pinto_beans_dry,APU0300714233,1.469,lb,published
2018-02,pinto_beans_dry,APU0300714233,1.431,lb,published
2018-03,pinto_beans_dry,APU0300714233,1.427,lb,published
2018-04,pinto_beans_dry,APU0300714233,1.42,lb,published
2018-05,pinto_beans_dry,APU0300714233,1.425,lb,published
2018-06,pinto_beans_dry,APU0300714233,1.428,lb,published
2018-07,pinto_beans_dry,APU0300714233,1.424,lb,published
2018-08,pinto_beans_dry,APU0300714233,1.446,lb,published
2018-09,pinto_beans_dry,APU0300714233,1.427,lb,published
2018-10,pinto_beans_dry,APU0300714233,1.442,lb,published
2018-11,pinto_beans_dry,APU0300714233,1.443,lb,published
2018-12,pinto_beans_dry,APU0300714233,1.444,lb,published
2019-01,pinto_beans_dry,APU0300714233,1.417,lb,published
2019-02,pinto_beans_dry,APU0300714233,1.431,lb,published
2019-03,pinto_beans_dry,APU0300714233,1.417,lb,published
2019-04,pinto_beans_dry,APU0300714233,1.421,lb,published
2019-05,pinto_beans_dry,APU0300714233,1.392,lb,published
2019-06,pinto_beans_dry,APU0300714233,1.393,lb,published
2019-07,pinto_beans_dry,APU0300714233,1.433,lb,published
2019-08,pinto_beans_dry,APU0300714233,1.421,lb,published
2019-09,pinto_beans_dry,APU0300714233,1.42,lb,published
2019-10,pinto_beans_dry,APU0300714233,1.431,lb,published
2019-11,pinto_beans_dry,APU0300714233,1.489,lb,published
2019-12,pinto_beans_dry,APU0300714233,1.461,lb,published
2020-01,pinto_beans_dry,APU0300714233,1.455,lb,published
2020-02,pinto_beans_dry,APU0300714233,1.498,lb,published
2020-03,pinto_beans_dry,APU0300714233,1.558,lb,published
2020-04,pinto_beans_dry,APU0300714233,1.65001,lb,imputed_basket
2020-05,pinto_beans_dry,APU0300714233,1.65063,lb,imputed_basket
2020-06,pinto_beans_dry,APU0300714233,1.39,lb,published
2020-07,pinto_beans_dry,APU0300714233,1.385,lb,published
2020-08,pinto_beans_dry,APU0300714233,1.414,lb,published
2020-09,pinto_beans_dry,APU0300714233,1.377,lb,published
2020-10,pinto_beans_dry,APU0300714233,1.372,lb,published
2020-11,pinto_beans_dry,APU0300714233,1.324,lb,published
2020-12,pinto_beans_dry,APU0300714233,1.331,lb,published
2021-01,pinto_beans_dry,APU0300714233,1.347,lb,published
2021-02,pinto_beans_dry,APU0300714233,1.336,lb,published
2021-03,pinto_beans_dry,APU0300714233,1.342,lb,published
2021-04,pinto_beans_dry,APU0300714233,1.348,lb,published
2021-05,pinto_beans_dry,APU0300714233,1.302,lb,published
2021-06,pinto_beans_dry,APU0300714233,1.309,lb,published
2021-07,pinto_beans_dry,APU0300714233,1.311,lb,published
2021-08,pinto_beans_dry,APU0300714233,1.319,lb,published
2021-09,pinto_beans_dry,APU0300714233,1.325,lb,published
2021-10,pinto_beans_dry,APU0300714233,1.346,lb,published
2021-11,pinto_beans_dry,APU0300714233,1.349,lb,published
2021-12,pinto_beans_dry,APU0300714233,1.391,lb,published
2022-01,pinto_beans_dry,APU0300714233,1.402,lb,published
2022-02,pinto_beans_dry,APU0300714233,1.377,lb,published
2022-03,pinto_beans_dry,APU0300714233,1.439,lb,published
2022-04,pinto_beans_dry,APU0300714233,1.46,lb,published
2022-05,pinto_beans_dry,APU0300714233,1.439,lb,published
2022-06,pinto_beans_dry,APU0300714233,1.453,lb,published
2022-07,pinto_beans_dry,APU0300714233,1.48,lb,published
2022-08,pinto_beans_dry,APU0300714233,1.505,lb,published
2022-09,pinto_beans_dry,APU0300714233,1.494,lb,published
2022-10,pinto_beans_dry,APU0300714233,1.482,lb,published
2022-11,pinto_beans_dry,APU0300714233,1.499,lb,published
2022-12,pinto_beans_dry,APU0300714233,1.506,lb,published
2023-01,pinto_beans_dry,APU0300714233,1.52,lb,published
2023-02,pinto_beans_dry,APU0300714233,1.51,lb,published
2023-03,pinto_beans_dry,APU0300714233,1.495,lb,published
2023-04,pinto_beans_dry,APU0300714233,1.479,lb,published
2023-05,pinto_beans_dry,APU0300714233,1.505,lb,published
2023-06,pinto_beans_dry,APU0300714233,1.525,lb,published
2023-07,pinto_beans_dry,APU0300714233,1.524,lb,published
2023-08,pinto_beans_dry,APU0300714233,1.494,lb,published
2023-09,pinto_beans_dry,APU0300714233,1.508,lb,published
2023-10,pinto_beans_dry,APU0300714233,1.511,lb,published
2023-11,pinto_beans_dry,APU0300714233,1.492,lb,published
2023-12,pinto_beans_dry,APU0300714233,1.501,lb,published
2024-01,pinto_beans_dry,APU0300714233,1.493,lb,published
2024-02,pinto_beans_dry,APU0300714233,1.515,lb,published
2024-03,pinto_beans_dry,APU0300714233,1.571,lb,published
2024-04,pinto_beans_dry,APU0300714233,1.572,lb,published
2024-05,pinto_beans_dry,APU0300714233,1.577,lb,published
2024-06,pinto_beans_dry,APU0300714233,1.576,lb,published
2024-07,pinto_beans_dry,APU0300714233,1.607,lb,published
2024-08,pinto_beans_dry,APU0300714233,1.611,lb,published
2024-09,pinto_beans_dry,APU0300714233,1.613,lb,published
2024-10,pinto_beans_dry,APU0300714233,1.57,lb,published
2024-11,pinto_beans_dry,APU0300714233,1.543,lb,published
2024-12,pinto_beans_dry,APU0300714233,1.543,lb,published
2025-01,pinto_beans_dry,APU0300714233,1.55,lb,published
2025-02,pinto_beans_dry,APU0300714233,1.503,lb,published
2025-03,pinto_beans_dry,APU0300714233,1.541,lb,published
2025-04,pinto_beans_dry,APU0300714233,1.589,lb,published
2025-05,pinto_beans_dry,APU0300714233,1.52,lb,published
2025-06,pinto_beans_dry,APU0300714233,1.555,lb,published
2025-07,pinto_beans_dry,APU0300714233,1.655,lb,published
2025-08,pinto_beans_dry,APU0300714233,1.495,lb,published
2025-09,pinto_beans_dry,APU0300714233,1.629,lb,published
2025-10,pinto_beans_dry,APU0300714233,1.629,lb,carried
2025-11,pinto_beans_dry,APU0300714233,1.743,lb,published
2025-12,pinto_beans_dry,APU0300714233,1.756,lb,published
2026-01,pinto_beans_dry,APU0300714233,1.759,lb,published
2026-02,pinto_beans_dry,APU0300714233,1.758,lb,published
2026-03,pinto_beans_dry,APU0300714233,1.754,lb,published
2026-04,pinto_beans_dry,APU0300714233,1.766,lb,published
2026-05,pinto_beans_dry,APU0300714233,1.759,lb,published
2026-06,pinto_beans_dry,APU0300714233,1.665,lb,published
2026-07,pinto_beans_dry,APU0300714233,1.787,lb,published
2026-08,pinto_beans_dry,APU0300714233,1.676,lb,published
2006-01,sugar,APU0300715211,0.437,lb,published
2006-02,sugar,APU0300715211,0.442,lb,published
2006-03,sugar,APU0300715211,0.441,lb,published
2006-04,sugar,APU0300715211,0.455,lb,published
2006-05,sugar,APU0300715211,0.465,lb,published
2006-06,sugar,APU0300715211,0.469,lb,published
2006-07,sugar,APU0300715211,0.472,lb,published
2006-08,sugar,APU0300715211,0.473,lb,published
2006-09,sugar,APU0300715211,0.471,lb,published
2006-10,sugar,APU0300715211,0.475,lb,published
2006-11,sugar,APU0300715211,0.472,lb,published
2006-12,sugar,APU0300715211,0.472,lb,published
2007-01,sugar,APU0300715211,0.482,lb,published
2007-02,sugar,APU0300715211,0.479,lb,published
2007-03,sugar,APU0300715211,0.481,lb,published
2007-04,sugar,APU0300715211,0.481,lb,published
2007-05,sugar,APU0300715211,0.482,lb,published
2007-06,sugar,APU0300715211,0.483,lb,published
2007-07,sugar,APU0300715211,0.486,lb,published
2007-08,sugar,APU0300715211,0.486,lb,published
2007-09,sugar,APU0300715211,0.486,lb,published
2007-10,sugar,APU0300715211,0.492,lb,published
2007-11,sugar,APU0300715211,0.477,lb,published
2007-12,sugar,APU0300715211,0.472,lb,published
2008-01,sugar,APU0300715211,0.473,lb,published
2008-02,sugar,APU0300715211,0.47,lb,published
2008-03,sugar,APU0300715211,0.469,lb,published
2008-04,sugar,APU0300715211,0.479,lb,published
2008-05,sugar,APU0300715211,0.481,lb,published
2008-06,sugar,APU0300715211,0.493,lb,published
2008-07,sugar,APU0300715211,0.484,lb,published
2008-08,sugar,APU0300715211,0.516,lb,published
2008-09,sugar,APU0300715211,0.54,lb,published
2008-10,sugar,APU0300715211,0.543,lb,published
2008-11,sugar,APU0300715211,0.494,lb,published
2008-12,sugar,APU0300715211,0.498,lb,published
2009-01,sugar,APU0300715211,0.537,lb,published
2009-02,sugar,APU0300715211,0.533,lb,published
2009-03,sugar,APU0300715211,0.541,lb,published
2009-04,sugar,APU0300715211,0.543,lb,published
2009-05,sugar,APU0300715211,0.531,lb,published
2009-06,sugar,APU0300715211,0.539,lb,published
2009-07,sugar,APU0300715211,0.537,lb,published
2009-08,sugar,APU0300715211,0.528,lb,published
2009-09,sugar,APU0300715211,0.559,lb,published
2009-10,sugar,APU0300715211,0.547,lb,published
2009-11,sugar,APU0300715211,0.551,lb,published
2009-12,sugar,APU0300715211,0.589,lb,published
2010-01,sugar,APU0300715211,0.603,lb,published
2010-02,sugar,APU0300715211,0.626,lb,published
2010-03,sugar,APU0300715211,0.628,lb,published
2010-04,sugar,APU0300715211,0.626,lb,published
2010-05,sugar,APU0300715211,0.626,lb,published
2010-06,sugar,APU0300715211,0.615,lb,published
2010-07,sugar,APU0300715211,0.614,lb,published
2010-08,sugar,APU0300715211,0.58,lb,published
2010-09,sugar,APU0300715211,0.626,lb,published
2010-10,sugar,APU0300715211,0.585,lb,published
2010-11,sugar,APU0300715211,0.613,lb,published
2010-12,sugar,APU0300715211,0.595,lb,published
2011-01,sugar,APU0300715211,0.614,lb,published
2011-02,sugar,APU0300715211,0.63,lb,published
2011-03,sugar,APU0300715211,0.643,lb,published
2011-04,sugar,APU0300715211,0.644,lb,published
2011-05,sugar,APU0300715211,0.657,lb,published
2011-06,sugar,APU0300715211,0.661,lb,published
2011-07,sugar,APU0300715211,0.675,lb,published
2011-08,sugar,APU0300715211,0.69,lb,published
2011-09,sugar,APU0300715211,0.69,lb,published
2011-10,sugar,APU0300715211,0.699,lb,published
2011-11,sugar,APU0300715211,0.689,lb,published
2011-12,sugar,APU0300715211,0.693,lb,published
2012-01,sugar,APU0300715211,0.703,lb,published
2012-02,sugar,APU0300715211,0.696,lb,published
2012-03,sugar,APU0300715211,0.699,lb,published
2012-04,sugar,APU0300715211,0.698,lb,published
2012-05,sugar,APU0300715211,0.685,lb,published
2012-06,sugar,APU0300715211,0.672,lb,published
2012-07,sugar,APU0300715211,0.684,lb,published
2012-08,sugar,APU0300715211,0.685,lb,published
2012-09,sugar,APU0300715211,0.688,lb,published
2012-10,sugar,APU0300715211,0.693,lb,published
2012-11,sugar,APU0300715211,0.728,lb,published
2012-12,sugar,APU0300715211,0.742,lb,published
2013-01,sugar,APU0300715211,0.737,lb,published
2013-02,sugar,APU0300715211,0.72,lb,published
2013-03,sugar,APU0300715211,0.701,lb,published
2013-04,sugar,APU0300715211,0.711,lb,published
2013-05,sugar,APU0300715211,0.701,lb,published
2013-06,sugar,APU0300715211,0.687,lb,published
2013-07,sugar,APU0300715211,0.665,lb,published
2013-08,sugar,APU0300715211,0.683,lb,published
2013-09,sugar,APU0300715211,0.663,lb,published
2013-10,sugar,APU0300715211,0.65,lb,published
2013-11,sugar,APU0300715211,0.64,lb,published
2013-12,sugar,APU0300715211,0.598,lb,published
2014-01,sugar,APU0300715211,0.643,lb,published
2014-02,sugar,APU0300715211,0.636,lb,published
2014-03,sugar,APU0300715211,0.616,lb,published
2014-04,sugar,APU0300715211,0.605,lb,published
2014-05,sugar,APU0300715211,0.634,lb,published
2014-06,sugar,APU0300715211,0.624,lb,published
2014-07,sugar,APU0300715211,0.601,lb,published
2014-08,sugar,APU0300715211,0.612,lb,published
2014-09,sugar,APU0300715211,0.612,lb,published
2014-10,sugar,APU0300715211,0.653,lb,published
2014-11,sugar,APU0300715211,0.65,lb,published
2014-12,sugar,APU0300715211,0.639,lb,published
2015-01,sugar,APU0300715211,0.668,lb,published
2015-02,sugar,APU0300715211,0.683,lb,published
2015-03,sugar,APU0300715211,0.695,lb,published
2015-04,sugar,APU0300715211,0.684,lb,published
2015-05,sugar,APU0300715211,0.687,lb,published
2015-06,sugar,APU0300715211,0.68,lb,published
2015-07,sugar,APU0300715211,0.689,lb,published
2015-08,sugar,APU0300715211,0.69,lb,published
2015-09,sugar,APU0300715211,0.679,lb,published
2015-10,sugar,APU0300715211,0.705,lb,published
2015-11,sugar,APU0300715211,0.672,lb,published
2015-12,sugar,APU0300715211,0.677,lb,published
2016-01,sugar,APU0300715211,0.69,lb,published
2016-02,sugar,APU0300715211,0.689,lb,published
2016-03,sugar,APU0300715211,0.666,lb,published
2016-04,sugar,APU0300715211,0.697,lb,published
2016-05,sugar,APU0300715211,0.684,lb,published
2016-06,sugar,APU0300715211,0.672,lb,published
2016-07,sugar,APU0300715211,0.664,lb,published
2016-08,sugar,APU0300715211,0.673,lb,published
2016-09,sugar,APU0300715211,0.672,lb,published
2016-10,sugar,APU0300715211,0.645,lb,published
2016-11,sugar,APU0300715211,0.648,lb,published
2016-12,sugar,APU0300715211,0.633,lb,published
2017-01,sugar,APU0300715211,0.651,lb,published
2017-02,sugar,APU0300715211,0.659,lb,published
2017-03,sugar,APU0300715211,0.654,lb,published
2017-04,sugar,APU0300715211,0.669,lb,published
2017-05,sugar,APU0300715211,0.676,lb,published
2017-06,sugar,APU0300715211,0.691,lb,published
2017-07,sugar,APU0300715211,0.714,lb,published
2017-08,sugar,APU0300715211,0.724,lb,published
2017-09,sugar,APU0300715211,0.743,lb,published
2017-10,sugar,APU0300715211,0.741,lb,published
2017-11,sugar,APU0300715211,0.703,lb,published
2017-12,sugar,APU0300715211,0.691,lb,published
2018-01,sugar,APU0300715211,0.652,lb,published
2018-02,sugar,APU0300715211,0.644,lb,published
2018-03,sugar,APU0300715211,0.646,lb,published
2018-04,sugar,APU0300715211,0.629,lb,published
2018-05,sugar,APU0300715211,0.636,lb,published
2018-06,sugar,APU0300715211,0.628,lb,published
2018-07,sugar,APU0300715211,0.636,lb,published
2018-08,sugar,APU0300715211,0.635,lb,published
2018-09,sugar,APU0300715211,0.634,lb,published
2018-10,sugar,APU0300715211,0.591,lb,published
2018-11,sugar,APU0300715211,0.595,lb,published
2018-12,sugar,APU0300715211,0.587,lb,published
2019-01,sugar,APU0300715211,0.595,lb,published
2019-02,sugar,APU0300715211,0.582,lb,published
2019-03,sugar,APU0300715211,0.588,lb,published
2019-04,sugar,APU0300715211,0.577,lb,published
2019-05,sugar,APU0300715211,0.55,lb,published
2019-06,sugar,APU0300715211,0.557,lb,published
2019-07,sugar,APU0300715211,0.547,lb,published
2019-08,sugar,APU0300715211,0.544,lb,published
2019-09,sugar,APU0300715211,0.551,lb,published
2019-10,sugar,APU0300715211,0.556,lb,published
2019-11,sugar,APU0300715211,0.544,lb,published
2019-12,sugar,APU0300715211,0.531,lb,published
2020-01,sugar,APU0300715211,0.541,lb,published
2020-02,sugar,APU0300715211,0.553,lb,published
2020-03,sugar,APU0300715211,0.551,lb,published
2020-04,sugar,APU0300715211,0.558,lb,published
2020-05,sugar,APU0300715211,0.571,lb,published
2020-06,sugar,APU0300715211,0.558,lb,published
2020-07,sugar,APU0300715211,0.554,lb,published
2020-08,sugar,APU0300715211,0.554,lb,published
2020-09,sugar,APU0300715211,0.556,lb,published
2020-10,sugar,APU0300715211,0.575,lb,published
2020-11,sugar,APU0300715211,0.599,lb,published
2020-12,sugar,APU0300715211,0.63,lb,published
2021-01,sugar,APU0300715211,0.632,lb,published
2021-02,sugar,APU0300715211,0.624,lb,published
2021-03,sugar,APU0300715211,0.634,lb,published
2021-04,sugar,APU0300715211,0.624,lb,published
2021-05,sugar,APU0300715211,0.629,lb,published
2021-06,sugar,APU0300715211,0.626,lb,published
2021-07,sugar,APU0300715211,0.636,lb,published
2021-08,sugar,APU0300715211,0.625,lb,published
2021-09,sugar,APU0300715211,0.634,lb,published
2021-10,sugar,APU0300715211,0.665,lb,published
2021-11,sugar,APU0300715211,0.64,lb,published
2021-12,sugar,APU0300715211,0.643,lb,published
2022-01,sugar,APU0300715211,0.654,lb,published
2022-02,sugar,APU0300715211,0.658,lb,published
2022-03,sugar,APU0300715211,0.69,lb,published
2022-04,sugar,APU0300715211,0.694,lb,published
2022-05,sugar,APU0300715211,0.714,lb,published
2022-06,sugar,APU0300715211,0.74,lb,published
2022-07,sugar,APU0300715211,0.756,lb,published
2022-08,sugar,APU0300715211,0.788,lb,published
2022-09,sugar,APU0300715211,0.807,lb,published
2022-10,sugar,APU0300715211,0.826,lb,published
2022-11,sugar,APU0300715211,0.815,lb,published
2022-12,sugar,APU0300715211,0.813,lb,published
2023-01,sugar,APU0300715211,0.819,lb,published
2023-02,sugar,APU0300715211,0.851,lb,published
2023-03,sugar,APU0300715211,0.854,lb,published
2023-04,sugar,APU0300715211,0.872,lb,published
2023-05,sugar,APU0300715211,0.881,lb,published
2023-06,sugar,APU0300715211,0.904,lb,published
2023-07,sugar,APU0300715211,0.907,lb,published
2023-08,sugar,APU0300715211,0.92,lb,published
2023-09,sugar,APU0300715211,0.964,lb,published
2023-10,sugar,APU0300715211,0.948,lb,published
2023-11,sugar,APU0300715211,0.971,lb,published
2023-12,sugar,APU0300715211,0.972,lb,published
2024-01,sugar,APU0300715211,0.992,lb,published
2024-02,sugar,APU0300715211,1.002,lb,published
2024-03,sugar,APU0300715211,1.008,lb,published
2024-04,sugar,APU0300715211,1.021,lb,published
2024-05,sugar,APU0300715211,1.004,lb,published
2024-06,sugar,APU0300715211,0.998,lb,published
2024-07,sugar,APU0300715211,0.996,lb,published
2024-08,sugar,APU0300715211,1.0,lb,published
2024-09,sugar,APU0300715211,0.999,lb,published
2024-10,sugar,APU0300715211,1.011,lb,published
2024-11,sugar,APU0300715211,1.05,lb,published
2024-12,sugar,APU0300715211,1.034,lb,published
2025-01,sugar,APU0300715211,1.052,lb,published
2025-02,sugar,APU0300715211,1.055,lb,published
2025-03,sugar,APU0300715211,1.064,lb,published
2025-04,sugar,APU0300715211,1.048,lb,published
2025-05,sugar,APU0300715211,1.095,lb,published
2025-06,sugar,APU0300715211,1.137,lb,published
2025-07,sugar,APU0300715211,1.142,lb,published
2025-08,sugar,APU0300715211,1.148,lb,published
2025-09,sugar,APU0300715211,1.155,lb,published
2025-10,sugar,APU0300715211,1.155,lb,carried
2025-11,sugar,APU0300715211,1.128,lb,published
2025-12,sugar,APU0300715211,1.094,lb,published
2026-01,sugar,APU0300715211,1.131,lb,published
2026-02,sugar,APU0300715211,1.132,lb,published
2026-03,sugar,APU0300715211,1.117,lb,published
2026-04,sugar,APU0300715211,1.11,lb,published
2026-05,sugar,APU0300715211,1.112,lb,published
2026-06,sugar,APU0300715211,1.06,lb,published
2026-07,sugar,APU0300715211,1.056,lb,published
2026-08,sugar,APU0300715211,1.06,lb,published
2006-01,potato_chips,APU0300718311,0.23444,oz,published
2006-02,potato_chips,APU0300718311,0.23362,oz,published
2006-03,potato_chips,APU0300718311,0.23381,oz,published
2006-04,potato_chips,APU0300718311,0.23519,oz,published
2006-05,potato_chips,APU0300718311,0.22875,oz,published
2006-06,potato_chips,APU0300718311,0.21813,oz,published
2006-07,potato_chips,APU0300718311,0.21225,oz,published
2006-08,potato_chips,APU0300718311,0.229,oz,published
2006-09,potato_chips,APU0300718311,0.22037,oz,published
2006-10,potato_chips,APU0300718311,0.21638,oz,published
2006-11,potato_chips,APU0300718311,0.2185,oz,published
2006-12,potato_chips,APU0300718311,0.22081,oz,published
2007-01,potato_chips,APU0300718311,0.22087,oz,published
2007-02,potato_chips,APU0300718311,0.21719,oz,published
2007-03,potato_chips,APU0300718311,0.22325,oz,published
2007-04,potato_chips,APU0300718311,0.218,oz,published
2007-05,potato_chips,APU0300718311,0.218,oz,published
2007-06,potato_chips,APU0300718311,0.21619,oz,published
2007-07,potato_chips,APU0300718311,0.21544,oz,published
2007-08,potato_chips,APU0300718311,0.22706,oz,published
2007-09,potato_chips,APU0300718311,0.22281,oz,published
2007-10,potato_chips,APU0300718311,0.22119,oz,published
2007-11,potato_chips,APU0300718311,0.22462,oz,published
2007-12,potato_chips,APU0300718311,0.22937,oz,published
2008-01,potato_chips,APU0300718311,0.22681,oz,published
2008-02,potato_chips,APU0300718311,0.22875,oz,published
2008-03,potato_chips,APU0300718311,0.21937,oz,published
2008-04,potato_chips,APU0300718311,0.23881,oz,published
2008-05,potato_chips,APU0300718311,0.22825,oz,published
2008-06,potato_chips,APU0300718311,0.25488,oz,published
2008-07,potato_chips,APU0300718311,0.27025,oz,published
2008-08,potato_chips,APU0300718311,0.26244,oz,published
2008-09,potato_chips,APU0300718311,0.25094,oz,published
2008-10,potato_chips,APU0300718311,0.2675,oz,published
2008-11,potato_chips,APU0300718311,0.263,oz,published
2008-12,potato_chips,APU0300718311,0.2635,oz,published
2009-01,potato_chips,APU0300718311,0.28275,oz,published
2009-02,potato_chips,APU0300718311,0.28581,oz,published
2009-03,potato_chips,APU0300718311,0.27913,oz,published
2009-04,potato_chips,APU0300718311,0.29888,oz,published
2009-05,potato_chips,APU0300718311,0.26119,oz,published
2009-06,potato_chips,APU0300718311,0.29037,oz,published
2009-07,potato_chips,APU0300718311,0.29475,oz,published
2009-08,potato_chips,APU0300718311,0.2855,oz,published
2009-09,potato_chips,APU0300718311,0.29625,oz,published
2009-10,potato_chips,APU0300718311,0.29031,oz,published
2009-11,potato_chips,APU0300718311,0.29169,oz,published
2009-12,potato_chips,APU0300718311,0.29319,oz,published
2010-01,potato_chips,APU0300718311,0.28975,oz,published
2010-02,potato_chips,APU0300718311,0.291,oz,published
2010-03,potato_chips,APU0300718311,0.28813,oz,published
2010-04,potato_chips,APU0300718311,0.28006,oz,published
2010-05,potato_chips,APU0300718311,0.27331,oz,published
2010-06,potato_chips,APU0300718311,0.28013,oz,published
2010-07,potato_chips,APU0300718311,0.285,oz,published
2010-08,potato_chips,APU0300718311,0.28506,oz,published
2010-09,potato_chips,APU0300718311,0.28319,oz,published
2010-10,potato_chips,APU0300718311,0.29613,oz,published
2010-11,potato_chips,APU0300718311,0.29087,oz,published
2010-12,potato_chips,APU0300718311,0.28894,oz,published
2011-01,potato_chips,APU0300718311,0.29775,oz,published
2011-02,potato_chips,APU0300718311,0.28563,oz,published
2011-03,potato_chips,APU0300718311,0.29856,oz,published
2011-04,potato_chips,APU0300718311,0.29275,oz,published
2011-05,potato_chips,APU0300718311,0.29644,oz,published
2011-06,potato_chips,APU0300718311,0.30956,oz,published
2011-07,potato_chips,APU0300718311,0.29675,oz,published
2011-08,potato_chips,APU0300718311,0.31269,oz,published
2011-09,potato_chips,APU0300718311,0.31156,oz,published
2011-10,potato_chips,APU0300718311,0.30819,oz,published
2011-11,potato_chips,APU0300718311,0.3135,oz,published
2011-12,potato_chips,APU0300718311,0.31131,oz,published
2012-01,potato_chips,APU0300718311,0.30438,oz,published
2012-02,potato_chips,APU0300718311,0.29688,oz,published
2012-03,potato_chips,APU0300718311,0.30806,oz,published
2012-04,potato_chips,APU0300718311,0.29194,oz,published
2012-05,potato_chips,APU0300718311,0.31281,oz,published
2012-06,potato_chips,APU0300718311,0.30625,oz,published
2012-07,potato_chips,APU0300718311,0.29781,oz,published
2012-08,potato_chips,APU0300718311,0.30019,oz,published
2012-09,potato_chips,APU0300718311,0.28844,oz,published
2012-10,potato_chips,APU0300718311,0.30375,oz,published
2012-11,potato_chips,APU0300718311,0.30156,oz,published
2012-12,potato_chips,APU0300718311,0.29806,oz,published
2013-01,potato_chips,APU0300718311,0.28425,oz,published
2013-02,potato_chips,APU0300718311,0.29394,oz,published
2013-03,potato_chips,APU0300718311,0.30019,oz,published
2013-04,potato_chips,APU0300718311,0.28737,oz,published
2013-05,potato_chips,APU0300718311,0.27381,oz,published
2013-06,potato_chips,APU0300718311,0.27669,oz,published
2013-07,potato_chips,APU0300718311,0.27887,oz,published
2013-08,potato_chips,APU0300718311,0.27631,oz,published
2013-09,potato_chips,APU0300718311,0.27975,oz,published
2013-10,potato_chips,APU0300718311,0.27819,oz,published
2013-11,potato_chips,APU0300718311,0.29219,oz,published
2013-12,potato_chips,APU0300718311,0.27831,oz,published
2014-01,potato_chips,APU0300718311,0.286,oz,published
2014-02,potato_chips,APU0300718311,0.28825,oz,published
2014-03,potato_chips,APU0300718311,0.29431,oz,published
2014-04,potato_chips,APU0300718311,0.2945,oz,published
2014-05,potato_chips,APU0300718311,0.28981,oz,published
2014-06,potato_chips,APU0300718311,0.289,oz,published
2014-07,potato_chips,APU0300718311,0.27744,oz,published
2014-08,potato_chips,APU0300718311,0.276,oz,published
2014-09,potato_chips,APU0300718311,0.28644,oz,published
2014-10,potato_chips,APU0300718311,0.28713,oz,published
2014-11,potato_chips,APU0300718311,0.28706,oz,published
2014-12,potato_chips,APU0300718311,0.28575,oz,published
2015-01,potato_chips,APU0300718311,0.28119,oz,published
2015-02,potato_chips,APU0300718311,0.28925,oz,published
2015-03,potato_chips,APU0300718311,0.29419,oz,published
2015-04,potato_chips,APU0300718311,0.29181,oz,published
2015-05,potato_chips,APU0300718311,0.29344,oz,published
2015-06,potato_chips,APU0300718311,0.2835,oz,published
2015-07,potato_chips,APU0300718311,0.28694,oz,published
2015-08,potato_chips,APU0300718311,0.28681,oz,published
2015-09,potato_chips,APU0300718311,0.28863,oz,published
2015-10,potato_chips,APU0300718311,0.29156,oz,published
2015-11,potato_chips,APU0300718311,0.30062,oz,published
2015-12,potato_chips,APU0300718311,0.29344,oz,published
2016-01,potato_chips,APU0300718311,0.29613,oz,published
2016-02,potato_chips,APU0300718311,0.29475,oz,published
2016-03,potato_chips,APU0300718311,0.29888,oz,published
2016-04,potato_chips,APU0300718311,0.2995,oz,published
2016-05,potato_chips,APU0300718311,0.3,oz,published
2016-06,potato_chips,APU0300718311,0.29794,oz,published
2016-07,potato_chips,APU0300718311,0.28987,oz,published
2016-08,potato_chips,APU0300718311,0.28463,oz,published
2016-09,potato_chips,APU0300718311,0.28713,oz,published
2016-10,potato_chips,APU0300718311,0.29844,oz,published
2016-11,potato_chips,APU0300718311,0.2855,oz,published
2016-12,potato_chips,APU0300718311,0.28556,oz,published
2017-01,potato_chips,APU0300718311,0.2805,oz,published
2017-02,potato_chips,APU0300718311,0.2805,oz,published
2017-03,potato_chips,APU0300718311,0.28,oz,published
2017-04,potato_chips,APU0300718311,0.28681,oz,published
2017-05,potato_chips,APU0300718311,0.28575,oz,published
2017-06,potato_chips,APU0300718311,0.28144,oz,published
2017-07,potato_chips,APU0300718311,0.27813,oz,published
2017-08,potato_chips,APU0300718311,0.28131,oz,published
2017-09,potato_chips,APU0300718311,0.27631,oz,published
2017-10,potato_chips,APU0300718311,0.2805,oz,published
2017-11,potato_chips,APU0300718311,0.2845,oz,published
2017-12,potato_chips,APU0300718311,0.29319,oz,published
2018-01,potato_chips,APU0300718311,0.28919,oz,published
2018-02,potato_chips,APU0300718311,0.28594,oz,published
2018-03,potato_chips,APU0300718311,0.29569,oz,published
2018-04,potato_chips,APU0300718311,0.29513,oz,published
2018-05,potato_chips,APU0300718311,0.29506,oz,published
2018-06,potato_chips,APU0300718311,0.28619,oz,published
2018-07,potato_chips,APU0300718311,0.27956,oz,published
2018-08,potato_chips,APU0300718311,0.28787,oz,published
2018-09,potato_chips,APU0300718311,0.28131,oz,published
2018-10,potato_chips,APU0300718311,0.28656,oz,published
2018-11,potato_chips,APU0300718311,0.29144,oz,published
2018-12,potato_chips,APU0300718311,0.28469,oz,published
2019-01,potato_chips,APU0300718311,0.28769,oz,published
2019-02,potato_chips,APU0300718311,0.288,oz,published
2019-03,potato_chips,APU0300718311,0.29313,oz,published
2019-04,potato_chips,APU0300718311,0.28569,oz,published
2019-05,potato_chips,APU0300718311,0.29131,oz,published
2019-06,potato_chips,APU0300718311,0.29087,oz,published
2019-07,potato_chips,APU0300718311,0.28487,oz,published
2019-08,potato_chips,APU0300718311,0.2845,oz,published
2019-09,potato_chips,APU0300718311,0.28806,oz,published
2019-10,potato_chips,APU0300718311,0.29231,oz,published
2019-11,potato_chips,APU0300718311,0.313,oz,published
2019-12,potato_chips,APU0300718311,0.31475,oz,published
2020-01,potato_chips,APU0300718311,0.308,oz,published
2020-02,potato_chips,APU0300718311,0.31519,oz,published
2020-03,potato_chips,APU0300718311,0.31612,oz,published
2020-04,potato_chips,APU0300718311,0.32025,oz,published
2020-05,potato_chips,APU0300718311,0.32512,oz,published
2020-06,potato_chips,APU0300718311,0.33931,oz,published
2020-07,potato_chips,APU0300718311,0.336,oz,published
2020-08,potato_chips,APU0300718311,0.34013,oz,published
2020-09,potato_chips,APU0300718311,0.33013,oz,published
2020-10,potato_chips,APU0300718311,0.34044,oz,published
2020-11,potato_chips,APU0300718311,0.34125,oz,published
2020-12,potato_chips,APU0300718311,0.33956,oz,published
2021-01,potato_chips,APU0300718311,0.32725,oz,published
2021-02,potato_chips,APU0300718311,0.33881,oz,published
2021-03,potato_chips,APU0300718311,0.33787,oz,published
2021-04,potato_chips,APU0300718311,0.33556,oz,published
2021-05,potato_chips,APU0300718311,0.32631,oz,published
2021-06,potato_chips,APU0300718311,0.3185,oz,published
2021-07,potato_chips,APU0300718311,0.3235,oz,published
2021-08,potato_chips,APU0300718311,0.32144,oz,published
2021-09,potato_chips,APU0300718311,0.3185,oz,published
2021-10,potato_chips,APU0300718311,0.3405,oz,published
2021-11,potato_chips,APU0300718311,0.34306,oz,published
2021-12,potato_chips,APU0300718311,0.33219,oz,published
2022-01,potato_chips,APU0300718311,0.34844,oz,published
2022-02,potato_chips,APU0300718311,0.34944,oz,published
2022-03,potato_chips,APU0300718311,0.35794,oz,published
2022-04,potato_chips,APU0300718311,0.36388,oz,published
2022-05,potato_chips,APU0300718311,0.35606,oz,published
2022-06,potato_chips,APU0300718311,0.36844,oz,published
2022-07,potato_chips,APU0300718311,0.37575,oz,published
2022-08,potato_chips,APU0300718311,0.39025,oz,published
2022-09,potato_chips,APU0300718311,0.39675,oz,published
2022-10,potato_chips,APU0300718311,0.42163,oz,published
2022-11,potato_chips,APU0300718311,0.41681,oz,published
2022-12,potato_chips,APU0300718311,0.41969,oz,published
2023-01,potato_chips,APU0300718311,0.416,oz,published
2023-02,potato_chips,APU0300718311,0.42019,oz,published
2023-03,potato_chips,APU0300718311,0.44475,oz,published
2023-04,potato_chips,APU0300718311,0.45831,oz,published
2023-05,potato_chips,APU0300718311,0.44356,oz,published
2023-06,potato_chips,APU0300718311,0.4205,oz,published
2023-07,potato_chips,APU0300718311,0.43394,oz,published
2023-08,potato_chips,APU0300718311,0.441,oz,published
2023-09,potato_chips,APU0300718311,0.45769,oz,published
2023-10,potato_chips,APU0300718311,0.45256,oz,published
2023-11,potato_chips,APU0300718311,0.44181,oz,published
2023-12,potato_chips,APU0300718311,0.44419,oz,published
2024-01,potato_chips,APU0300718311,0.42925,oz,published
2024-02,potato_chips,APU0300718311,0.43412,oz,published
2024-03,potato_chips,APU0300718311,0.44731,oz,published
2024-04,potato_chips,APU0300718311,0.4475,oz,published
2024-05,potato_chips,APU0300718311,0.44162,oz,published
2024-06,potato_chips,APU0300718311,0.43331,oz,published
2024-07,potato_chips,APU0300718311,0.42119,oz,published
2024-08,potato_chips,APU0300718311,0.42281,oz,published
2024-09,potato_chips,APU0300718311,0.43394,oz,published
2024-10,potato_chips,APU0300718311,0.44406,oz,published
2024-11,potato_chips,APU0300718311,0.44244,oz,published
2024-12,potato_chips,APU0300718311,0.44375,oz,published
2025-01,potato_chips,APU0300718311,0.43781,oz,published
2025-02,potato_chips,APU0300718311,0.44075,oz,published
2025-03,potato_chips,APU0300718311,0.44338,oz,published
2025-04,potato_chips,APU0300718311,0.44606,oz,published
2025-05,potato_chips,APU0300718311,0.46369,oz,published
2025-06,potato_chips,APU0300718311,0.44812,oz,published
2025-07,potato_chips,APU0300718311,0.44444,oz,published
2025-08,potato_chips,APU0300718311,0.43025,oz,published
2025-09,potato_chips,APU0300718311,0.4495,oz,published
2025-10,potato_chips,APU0300718311,0.4495,oz,carried
2025-11,potato_chips,APU0300718311,0.44838,oz,published
2025-12,potato_chips,APU0300718311,0.43625,oz,published
2026-01,potato_chips,APU0300718311,0.42969,oz,published
2026-02,potato_chips,APU0300718311,0.44681,oz,published
2026-03,potato_chips,APU0300718311,0.43831,oz,published
2026-04,potato_chips,APU0300718311,0.43256,oz,published
2026-05,potato_chips,APU0300718311,0.42488,oz,published
2026-06,potato_chips,APU0300718311,0.43894,oz,published
2026-07,potato_chips,APU0300718311,0.43438,oz,published
2026-08,potato_chips,APU0300718311,0.424,oz,published
